image,Neoplastic,Inflammatory,Connective,Dead,Epithelial
2_00000.png,10,1,2,0,0
2_00001.png,4,0,4,0,0
2_00002.png,3,1,7,0,0
2_00003.png,10,0,1,0,0
2_00004.png,9,1,1,0,0
2_00005.png,13,0,1,0,0
2_00006.png,8,0,0,0,0
2_00007.png,6,0,4,0,0
2_00008.png,8,0,5,0,0
2_00009.png,10,0,1,0,0
2_00010.png,9,1,1,0,0
2_00011.png,11,0,3,0,0
2_00012.png,16,1,6,0,0
2_00013.png,4,0,7,0,0
2_00014.png,5,3,2,0,0
2_00015.png,9,0,8,0,0
2_00016.png,12,2,1,0,0
2_00017.png,17,0,0,0,0
2_00018.png,4,3,3,0,0
2_00019.png,7,0,2,0,0
2_00020.png,10,0,0,0,0
2_00021.png,0,5,12,0,0
2_00022.png,11,1,6,0,0
2_00023.png,10,0,0,0,0
2_00024.png,10,0,0,0,0
2_00025.png,4,1,2,0,0
2_00026.png,0,0,8,0,0
2_00027.png,1,0,10,0,0
2_00028.png,10,0,3,0,0
2_00029.png,1,1,8,0,0
2_00030.png,3,0,5,0,0
2_00031.png,6,1,6,0,0
2_00032.png,0,1,11,0,0
2_00033.png,2,1,4,0,0
2_00034.png,9,0,4,0,0
2_00035.png,0,0,4,0,2
2_00036.png,0,0,4,0,23
2_00037.png,0,0,13,0,11
2_00038.png,0,0,3,0,19
2_00039.png,0,0,0,0,24
2_00040.png,0,1,5,0,0
2_00041.png,0,0,2,0,0
2_00042.png,0,0,5,0,12
2_00043.png,16,2,0,0,0
2_00044.png,6,4,8,0,0
2_00045.png,6,4,3,0,0
2_00046.png,25,0,1,0,0
2_00047.png,10,5,6,0,0
2_00048.png,2,0,4,0,0
2_00049.png,0,1,8,0,0
2_00050.png,0,4,8,0,8
2_00051.png,0,0,1,0,44
2_00052.png,0,0,1,0,30
2_00053.png,0,0,2,0,12
2_00054.png,0,0,10,0,9
2_00055.png,0,2,2,0,36
2_00056.png,0,0,4,0,17
2_00057.png,0,0,2,0,20
2_00058.png,0,0,5,0,8
2_00059.png,0,0,1,0,16
2_00060.png,0,2,1,0,24
2_00061.png,0,0,1,0,37
2_00062.png,0,1,6,0,33
2_00063.png,0,2,2,0,25
2_00064.png,0,0,9,0,31
2_00065.png,3,1,3,0,0
2_00066.png,0,2,6,0,0
2_00067.png,1,1,10,0,13
2_00068.png,0,1,7,0,34
2_00069.png,7,0,2,0,0
2_00070.png,2,0,1,0,0
2_00071.png,4,1,4,0,0
2_00072.png,1,1,6,0,14
2_00073.png,1,2,15,0,1
2_00074.png,2,1,10,0,0
2_00075.png,0,0,15,0,16
2_00076.png,0,0,17,0,24
2_00077.png,0,1,12,0,15
2_00078.png,0,0,9,0,41
2_00079.png,0,0,7,0,38
2_00080.png,13,0,1,0,0
2_00081.png,15,1,1,0,0
2_00082.png,0,0,4,0,0
2_00083.png,11,0,4,0,0
2_00084.png,14,0,3,0,0
2_00085.png,17,0,1,0,0
2_00086.png,7,1,0,0,0
2_00087.png,13,0,1,0,0
2_00088.png,6,4,4,0,0
2_00089.png,11,1,7,0,0
2_00090.png,11,0,13,0,0
2_00091.png,0,1,8,0,8
2_00092.png,0,0,9,0,23
2_00093.png,0,3,7,0,14
2_00094.png,0,0,4,0,17
2_00095.png,0,0,5,0,25
2_00096.png,0,1,1,0,32
2_00097.png,0,0,9,0,29
2_00098.png,0,1,3,0,29
2_00099.png,0,0,5,0,49
2_00100.png,17,1,2,0,0
2_00101.png,49,0,0,0,0
2_00102.png,6,0,8,0,0
2_00103.png,0,65,7,0,0
2_00104.png,4,13,12,0,0
2_00105.png,0,0,6,0,12
2_00106.png,0,4,6,0,25
2_00107.png,0,1,9,0,22
2_00108.png,0,4,2,0,33
2_00109.png,0,4,7,0,35
2_00110.png,0,3,4,0,39
2_00111.png,0,0,3,0,18
2_00112.png,0,1,2,0,15
2_00113.png,0,0,4,0,19
2_00114.png,0,1,3,0,26
2_00115.png,0,2,5,0,16
2_00116.png,0,0,3,0,29
2_00117.png,0,1,7,0,20
2_00118.png,0,0,3,0,43
2_00119.png,0,0,3,0,42
2_00120.png,0,2,2,0,50
2_00121.png,0,0,6,0,30
2_00122.png,0,0,6,0,9
2_00123.png,0,7,15,0,37
2_00124.png,0,0,8,0,28
2_00125.png,0,2,6,0,34
2_00126.png,0,0,7,0,24
2_00127.png,0,1,6,0,30
2_00128.png,0,0,11,0,5
2_00129.png,0,0,4,0,46
2_00130.png,7,1,4,0,0
2_00131.png,12,0,2,0,0
2_00132.png,0,2,1,0,26
2_00133.png,0,0,0,0,47
2_00134.png,0,0,5,0,22
2_00135.png,0,2,8,0,14
2_00136.png,0,0,0,0,25
2_00137.png,0,0,1,0,35
2_00138.png,9,6,3,0,0
2_00139.png,9,5,0,0,0
2_00140.png,1,8,9,0,0
2_00141.png,7,14,3,0,0
2_00142.png,7,15,9,0,0
2_00143.png,0,0,6,0,0
2_00144.png,0,0,8,0,9
2_00145.png,0,1,10,0,9
2_00146.png,0,0,0,0,50
2_00147.png,0,0,2,0,44
2_00148.png,0,2,5,0,27
2_00149.png,0,1,2,0,22
2_00150.png,0,0,3,0,42
2_00151.png,1,0,2,0,0
2_00152.png,4,0,3,0,0
2_00153.png,1,0,5,0,0
2_00154.png,3,0,1,0,0
2_00155.png,3,0,0,0,0
2_00156.png,0,1,0,0,0
2_00157.png,0,4,11,0,15
2_00158.png,0,1,3,0,0
2_00159.png,2,0,3,0,0
2_00160.png,0,0,6,0,0
2_00161.png,2,0,2,0,0
2_00162.png,0,0,5,0,0
2_00163.png,0,3,11,0,25
2_00164.png,0,2,7,0,17
2_00165.png,0,1,17,0,0
2_00166.png,0,0,3,0,57
2_00167.png,0,2,6,0,41
2_00168.png,0,4,10,0,41
2_00169.png,0,1,1,0,54
2_00170.png,0,0,11,0,29
2_00171.png,0,0,12,0,56
2_00172.png,0,3,9,0,29
2_00173.png,0,4,9,0,37
2_00174.png,0,0,6,0,28
2_00175.png,0,1,1,0,63
2_00176.png,0,1,2,0,41
2_00177.png,0,0,5,0,30
2_00178.png,0,0,7,0,4
2_00179.png,0,1,7,0,14
2_00180.png,0,4,8,0,10
2_00181.png,0,0,1,0,15
2_00182.png,0,1,0,0,41
2_00183.png,0,2,3,0,29
2_00184.png,0,0,6,0,18
2_00185.png,2,0,5,0,0
2_00186.png,18,0,4,0,0
2_00187.png,3,0,5,0,0
2_00188.png,0,0,8,0,0
2_00189.png,7,1,7,0,0
2_00190.png,0,0,7,0,3
2_00191.png,0,0,6,0,21
2_00192.png,0,2,6,0,22
2_00193.png,0,0,2,0,40
2_00194.png,0,1,1,0,55
2_00195.png,0,0,6,0,1
2_00196.png,0,0,7,0,26
2_00197.png,0,0,4,0,9
2_00198.png,0,2,9,0,27
2_00199.png,0,2,3,0,9
2_00200.png,0,1,9,0,13
2_00201.png,0,0,7,0,1
2_00202.png,0,3,9,0,17
2_00203.png,0,2,10,0,7
2_00204.png,0,1,6,0,18
2_00205.png,0,0,3,0,23
2_00206.png,0,0,11,0,10
2_00207.png,0,1,15,0,17
2_00208.png,0,0,9,0,3
2_00209.png,0,2,4,0,40
2_00210.png,0,1,15,0,6
2_00211.png,0,7,11,0,20
2_00212.png,0,5,9,0,14
2_00213.png,0,0,12,0,5
2_00214.png,0,2,6,0,30
2_00215.png,0,0,2,0,4
2_00216.png,0,0,2,0,47
2_00217.png,0,0,14,0,6
2_00218.png,0,3,3,0,39
2_00219.png,0,0,2,0,54
2_00220.png,0,0,2,0,30
2_00221.png,0,3,2,0,33
2_00222.png,0,3,6,0,40
2_00223.png,0,0,1,0,43
2_00224.png,0,1,4,0,12
2_00225.png,0,0,6,0,0
2_00226.png,0,1,20,0,25
2_00227.png,0,4,3,0,32
2_00228.png,0,1,10,0,35
2_00229.png,0,1,8,0,0
2_00230.png,0,3,5,0,0
2_00231.png,0,3,11,0,21
2_00232.png,0,2,9,0,36
2_00233.png,0,1,1,0,0
2_00234.png,10,0,7,0,0
2_00235.png,6,0,4,0,0
2_00236.png,0,0,0,0,0
2_00237.png,7,0,2,0,0
2_00238.png,11,1,2,0,0
2_00239.png,0,9,13,0,14
2_00240.png,0,19,11,0,13
2_00241.png,0,12,11,0,6
2_00242.png,0,4,12,0,21
2_00243.png,0,12,7,0,14
2_00244.png,0,1,4,0,0
2_00245.png,0,1,3,0,33
2_00246.png,0,2,9,0,0
2_00247.png,0,0,6,0,5
2_00248.png,0,0,4,0,49
2_00249.png,0,1,5,0,45
2_00250.png,0,0,8,0,30
2_00251.png,0,2,7,0,27
2_00252.png,0,6,6,0,40
2_00253.png,0,7,6,0,31
2_00254.png,0,12,8,0,23
2_00255.png,0,0,3,0,17
2_00256.png,0,0,6,0,19
2_00257.png,0,2,6,0,5
2_00258.png,0,0,2,0,25
2_00259.png,0,1,7,0,22
2_00260.png,0,0,3,0,26
2_00261.png,0,0,5,0,20
2_00262.png,23,0,0,0,0
2_00263.png,17,6,6,0,0
2_00264.png,22,3,1,0,0
2_00265.png,14,2,2,0,0
2_00266.png,0,15,18,0,0
2_00267.png,0,17,21,0,0
2_00268.png,1,20,11,0,0
2_00269.png,25,0,0,0,0
2_00270.png,16,13,5,0,0
2_00271.png,19,0,0,0,0
2_00272.png,8,0,3,0,0
2_00273.png,18,0,4,0,0
2_00274.png,0,13,12,0,12
2_00275.png,18,5,7,0,0
2_00276.png,25,0,0,0,0
2_00277.png,23,4,6,0,0
2_00278.png,19,1,4,0,0
2_00279.png,0,24,20,0,0
2_00280.png,0,11,11,0,0
2_00281.png,13,9,13,0,0
2_00282.png,0,14,17,0,0
2_00283.png,0,5,9,0,0
2_00284.png,0,5,22,0,0
2_00285.png,31,0,5,0,0
2_00286.png,10,23,2,0,0
2_00287.png,6,6,12,0,0
2_00288.png,0,0,7,0,0
2_00289.png,27,4,6,0,0
2_00290.png,5,3,3,0,0
2_00291.png,0,0,7,0,0
2_00292.png,2,3,11,0,0
2_00293.png,0,5,7,0,0
2_00294.png,4,3,5,0,0
2_00295.png,0,0,5,0,0
2_00296.png,6,0,3,0,0
2_00297.png,3,1,11,0,0
2_00298.png,4,3,10,0,0
2_00299.png,0,0,9,0,0
2_00300.png,0,1,8,0,0
2_00301.png,5,1,6,0,0
2_00302.png,12,0,4,0,0
2_00303.png,2,2,6,0,0
2_00304.png,0,0,6,0,0
2_00305.png,0,0,3,0,0
2_00306.png,0,0,2,0,37
2_00307.png,0,1,3,0,37
2_00308.png,0,1,3,0,14
2_00309.png,0,2,9,0,10
2_00310.png,0,0,8,0,0
2_00311.png,0,0,1,0,23
2_00312.png,0,1,3,0,7
2_00313.png,0,0,1,0,13
2_00314.png,0,2,4,0,10
2_00315.png,29,1,0,0,0
2_00316.png,24,3,0,0,0
2_00317.png,17,6,0,0,0
2_00318.png,7,8,3,0,0
2_00319.png,15,6,4,0,0
2_00320.png,14,2,4,0,0
2_00321.png,18,3,0,0,0
2_00322.png,13,2,4,0,0
2_00323.png,20,8,3,0,0
2_00324.png,25,3,2,0,0
2_00325.png,22,4,0,0,0
2_00326.png,16,6,5,0,0
2_00327.png,19,1,0,0,0
2_00328.png,23,0,0,0,0
2_00329.png,35,1,1,0,0
2_00330.png,12,2,5,0,0
2_00331.png,19,8,5,0,0
2_00332.png,17,6,4,0,0
2_00333.png,15,0,4,0,0
2_00334.png,19,0,0,0,0
2_00335.png,5,0,0,0,0
2_00336.png,3,0,0,0,0
2_00337.png,7,0,0,0,0
2_00338.png,0,7,9,0,0
2_00339.png,0,2,12,0,0
2_00340.png,0,3,11,0,0
2_00341.png,0,3,9,0,0
2_00342.png,0,1,8,0,0
2_00343.png,0,7,11,0,0
2_00344.png,5,0,2,0,0
2_00345.png,5,1,1,0,0
2_00346.png,5,0,4,0,0
2_00347.png,4,1,2,0,0
2_00348.png,5,4,4,0,0
2_00349.png,1,2,3,0,0
2_00350.png,3,1,3,0,0
2_00351.png,28,0,0,0,0
2_00352.png,26,0,0,0,0
2_00353.png,26,0,0,0,0
2_00354.png,2,4,7,0,0
2_00355.png,18,1,1,0,0
2_00356.png,17,0,0,0,0
2_00357.png,7,0,5,0,0
2_00358.png,8,0,0,0,0
2_00359.png,16,0,0,0,0
2_00360.png,2,1,7,0,0
2_00361.png,18,0,0,0,0
2_00362.png,4,0,8,0,0
2_00363.png,1,0,3,0,0
2_00364.png,10,0,3,0,0
2_00365.png,11,0,4,0,0
2_00366.png,5,0,3,0,0
2_00367.png,8,0,0,0,0
2_00368.png,15,0,0,0,0
2_00369.png,16,0,1,0,0
2_00370.png,9,0,2,0,0
2_00371.png,6,16,7,0,0
2_00372.png,14,1,4,0,0
2_00373.png,6,1,4,0,0
2_00374.png,12,1,5,0,0
2_00375.png,6,0,7,0,0
2_00376.png,13,0,0,0,0
2_00377.png,12,1,1,0,0
2_00378.png,7,0,5,0,0
2_00379.png,9,0,8,0,0
2_00380.png,4,0,4,0,0
2_00381.png,5,11,23,0,0
2_00382.png,28,1,1,0,0
2_00383.png,12,13,14,0,0
2_00384.png,10,12,26,0,0
2_00385.png,3,2,4,0,0
2_00386.png,21,0,1,0,0
2_00387.png,2,1,3,0,0
2_00388.png,9,1,2,0,0
2_00389.png,0,5,8,0,0
2_00390.png,6,3,8,0,0
2_00391.png,0,2,10,0,0
2_00392.png,2,2,6,0,0
2_00393.png,3,9,4,0,0
2_00394.png,16,3,0,0,0
2_00395.png,9,3,2,0,0
2_00396.png,0,13,7,0,0
2_00397.png,10,0,0,0,0
2_00398.png,11,0,3,0,0
2_00399.png,14,0,2,0,0
2_00400.png,4,2,1,0,0
2_00401.png,11,0,7,0,0
2_00402.png,8,0,1,0,0
2_00403.png,4,1,4,0,0
2_00404.png,8,1,5,0,0
2_00405.png,12,2,1,0,0
2_00406.png,11,1,3,0,0
2_00407.png,15,2,9,0,0
2_00408.png,13,0,1,0,0
2_00409.png,5,1,3,0,0
2_00410.png,5,2,3,0,0
2_00411.png,2,1,4,0,0
2_00412.png,7,1,0,0,0
2_00413.png,8,0,3,0,0
2_00414.png,12,0,3,0,0
2_00415.png,15,1,4,0,0
2_00416.png,1,0,5,0,0
2_00417.png,23,4,3,0,0
2_00418.png,19,0,3,0,0
2_00419.png,11,3,6,0,0
2_00420.png,16,3,0,0,0
2_00421.png,21,1,0,0,0
2_00422.png,13,1,12,0,0
2_00423.png,0,1,4,0,0
2_00424.png,12,0,0,0,0
2_00425.png,16,0,2,0,0
2_00426.png,35,0,0,0,0
2_00427.png,17,0,1,0,0
2_00428.png,21,0,0,0,0
2_00429.png,24,0,3,0,0
2_00430.png,1,2,5,0,0
2_00431.png,10,2,4,0,0
2_00432.png,5,1,7,0,0
2_00433.png,11,1,2,0,0
2_00434.png,0,0,7,0,0
2_00435.png,0,1,7,0,0
2_00436.png,0,1,16,0,0
2_00437.png,7,1,3,0,0
2_00438.png,5,3,7,0,0
2_00439.png,6,6,11,0,0
2_00440.png,0,3,9,0,0
2_00441.png,8,3,6,0,0
2_00442.png,2,6,4,0,0
2_00443.png,1,3,2,0,0
2_00444.png,3,2,1,0,0
2_00445.png,6,2,2,0,0
2_00446.png,0,1,8,0,0
2_00447.png,5,0,5,0,0
2_00448.png,0,4,5,0,0
2_00449.png,14,3,3,0,0
2_00450.png,4,1,7,0,0
2_00451.png,0,0,3,0,0
2_00452.png,7,1,1,0,0
2_00453.png,2,1,4,0,0
2_00454.png,0,0,5,0,0
2_00455.png,6,1,5,0,0
2_00456.png,0,0,7,0,0
2_00457.png,10,5,5,0,0
2_00458.png,11,7,5,0,0
2_00459.png,10,0,2,0,0
2_00460.png,0,0,7,0,0
2_00461.png,2,3,11,0,0
2_00462.png,0,3,8,0,0
2_00463.png,2,0,6,0,0
2_00464.png,1,0,5,0,0
2_00465.png,1,1,7,0,0
2_00466.png,13,1,3,0,0
2_00467.png,6,0,9,0,0
2_00468.png,8,1,7,0,0
2_00469.png,4,0,2,0,0
2_00470.png,14,4,3,0,0
2_00471.png,7,5,10,0,0
2_00472.png,19,1,5,0,0
2_00473.png,3,0,7,0,0
2_00474.png,4,1,8,0,0
2_00475.png,6,0,0,0,0
2_00476.png,7,0,2,0,0
2_00477.png,24,0,1,0,0
2_00478.png,1,2,10,0,0
2_00479.png,16,0,5,0,0
2_00480.png,23,0,5,0,0
2_00481.png,1,2,13,0,0
2_00482.png,19,2,5,0,0
2_00483.png,16,2,2,0,0
2_00484.png,13,4,6,0,0
2_00485.png,12,1,8,0,0
2_00486.png,21,1,5,0,0
2_00487.png,10,5,2,0,0
2_00488.png,12,1,1,0,0
2_00489.png,10,0,4,0,0
2_00490.png,6,2,8,0,0
2_00491.png,0,18,10,0,0
2_00492.png,0,36,8,0,0
2_00493.png,23,2,2,0,0
2_00494.png,22,1,3,0,0
2_00495.png,23,6,4,0,0
2_00496.png,27,0,0,0,0
2_00497.png,16,0,2,0,0
2_00498.png,18,3,2,0,0
2_00499.png,27,0,0,0,0
2_00500.png,29,0,0,0,0
2_00501.png,32,0,0,0,0
2_00502.png,31,0,0,0,0
2_00503.png,22,0,0,0,0
2_00504.png,28,1,0,0,0
2_00505.png,29,1,0,0,0
2_00506.png,16,1,0,0,0
2_00507.png,8,7,7,0,0
2_00508.png,3,23,7,0,0
2_00509.png,0,11,10,0,0
2_00510.png,0,11,6,0,0
2_00511.png,0,25,7,0,0
2_00512.png,1,17,7,0,0
2_00513.png,0,24,8,0,0
2_00514.png,1,6,8,0,0
2_00515.png,23,9,2,0,0
2_00516.png,18,6,5,0,0
2_00517.png,1,17,9,0,0
2_00518.png,15,14,2,0,0
2_00519.png,14,7,9,0,0
2_00520.png,22,1,1,0,0
2_00521.png,6,5,4,0,0
2_00522.png,2,5,8,0,0
2_00523.png,21,0,4,0,0
2_00524.png,8,4,7,0,0
2_00525.png,10,2,11,0,0
2_00526.png,17,0,0,0,0
2_00527.png,17,2,3,0,0
2_00528.png,0,2,7,0,0
2_00529.png,4,2,1,0,0
2_00530.png,1,2,6,0,0
2_00531.png,0,0,10,0,11
2_00532.png,0,1,2,0,24
2_00533.png,0,0,1,0,27
2_00534.png,0,0,4,0,9
2_00535.png,0,5,6,0,0
2_00536.png,0,3,4,0,10
2_00537.png,0,1,1,0,36
2_00538.png,0,1,2,0,28
2_00539.png,0,1,3,0,21
2_00540.png,0,2,7,0,4
2_00541.png,12,0,0,0,0
2_00542.png,26,0,0,0,0
2_00543.png,12,0,2,0,0
2_00544.png,12,0,1,0,0
2_00545.png,28,2,1,0,0
2_00546.png,0,0,0,0,0
2_00547.png,23,0,3,0,0
2_00548.png,50,0,0,0,0
2_00549.png,22,0,0,0,0
2_00550.png,0,0,1,0,0
2_00551.png,0,0,3,0,0
2_00552.png,12,0,1,0,0
2_00553.png,39,0,0,0,0
2_00554.png,35,0,1,0,0
2_00555.png,11,0,1,0,0
2_00556.png,57,1,4,0,0
2_00557.png,27,0,1,0,0
2_00558.png,24,0,1,0,0
2_00559.png,0,1,2,0,0
2_00560.png,0,0,2,0,0
2_00561.png,12,0,3,0,0
2_00562.png,11,1,2,0,0
2_00563.png,56,0,0,0,0
2_00564.png,45,1,0,0,0
2_00565.png,5,0,0,0,0
2_00566.png,0,0,6,0,0
2_00567.png,31,0,0,0,0
2_00568.png,26,0,0,0,0
2_00569.png,30,1,0,0,0
2_00570.png,21,3,0,0,0
2_00571.png,27,4,0,0,0
2_00572.png,80,0,0,0,0
2_00573.png,6,0,1,0,0
2_00574.png,16,6,0,0,0
2_00575.png,21,0,0,0,0
2_00576.png,64,0,1,0,0
2_00577.png,58,1,0,0,0
2_00578.png,12,0,2,0,0
2_00579.png,15,4,3,0,0
2_00580.png,0,5,5,0,0
2_00581.png,0,0,0,0,41
2_00582.png,0,2,11,1,7
2_00583.png,0,1,0,0,70
2_00584.png,0,3,11,0,0
2_00585.png,1,3,2,0,0
2_00586.png,1,6,4,0,0
2_00587.png,2,5,6,0,0
2_00588.png,2,6,11,0,0
2_00589.png,4,0,2,0,0
2_00590.png,3,0,5,0,0
2_00591.png,4,0,5,0,0
2_00592.png,0,0,1,0,0
2_00593.png,0,0,1,0,0
2_00594.png,2,2,9,0,0
2_00595.png,0,2,0,0,0
2_00596.png,0,12,4,0,0
2_00597.png,1,5,4,0,0
2_00598.png,6,1,2,0,0
2_00599.png,5,1,2,0,0
2_00600.png,12,3,0,0,0
2_00601.png,9,2,1,0,0
2_00602.png,23,5,0,0,0
2_00603.png,0,19,8,0,0
2_00604.png,3,1,1,0,0
2_00605.png,1,1,2,0,0
2_00606.png,2,4,7,0,0
2_00607.png,1,23,8,0,0
2_00608.png,0,39,1,0,0
2_00609.png,0,42,1,0,0
2_00610.png,0,8,4,0,0
2_00611.png,0,15,5,0,0
2_00612.png,0,7,7,0,0
2_00613.png,12,0,1,0,0
2_00614.png,15,1,0,0,0
2_00615.png,7,0,9,0,0
2_00616.png,0,3,6,0,0
2_00617.png,0,5,2,0,0
2_00618.png,4,5,2,0,0
2_00619.png,12,0,1,0,0
2_00620.png,0,4,5,0,0
2_00621.png,0,7,4,0,0
2_00622.png,13,0,4,0,0
2_00623.png,10,6,3,0,0
2_00624.png,0,8,14,0,0
2_00625.png,3,5,6,0,0
2_00626.png,11,4,6,0,0
2_00627.png,12,3,4,0,0
2_00628.png,1,8,16,0,0
2_00629.png,7,7,2,0,0
2_00630.png,5,6,19,0,0
2_00631.png,2,16,10,0,0
2_00632.png,1,5,11,0,0
2_00633.png,18,0,1,0,0
2_00634.png,20,0,2,0,0
2_00635.png,26,0,0,0,0
2_00636.png,26,0,0,0,0
2_00637.png,30,0,0,0,0
2_00638.png,0,0,8,0,11
2_00639.png,0,1,12,0,0
2_00640.png,0,1,7,0,30
2_00641.png,9,0,0,0,0
2_00642.png,4,2,1,0,0
2_00643.png,15,1,0,0,0
2_00644.png,15,2,1,0,0
2_00645.png,19,0,0,0,0
2_00646.png,16,2,0,0,0
2_00647.png,5,4,7,0,0
2_00648.png,8,11,2,0,0
2_00649.png,0,44,3,0,0
2_00650.png,0,18,14,0,0
2_00651.png,5,10,13,0,0
2_00652.png,0,16,4,0,0
2_00653.png,4,1,11,0,0
2_00654.png,18,1,1,0,0
2_00655.png,16,1,0,0,0
2_00656.png,7,1,0,0,0
2_00657.png,5,2,5,0,0
2_00658.png,11,1,5,0,0
2_00659.png,4,0,4,0,0
2_00660.png,22,0,1,0,0
2_00661.png,9,0,4,0,0
2_00662.png,6,0,5,0,0
2_00663.png,8,0,2,0,0
2_00664.png,16,0,0,0,0
2_00665.png,13,0,0,0,0
2_00666.png,14,1,0,0,0
2_00667.png,9,0,2,0,0
2_00668.png,15,0,1,0,0
2_00669.png,1,0,3,0,0
2_00670.png,5,1,5,0,0
2_00671.png,22,0,0,0,0
2_00672.png,13,0,4,0,0
2_00673.png,6,1,3,0,0
2_00674.png,11,1,5,0,0
2_00675.png,6,0,1,0,0
2_00676.png,13,0,0,0,0
2_00677.png,10,0,5,0,0
2_00678.png,8,0,2,0,0
2_00679.png,19,0,1,0,0
2_00680.png,18,0,0,0,0
2_00681.png,7,1,7,0,0
2_00682.png,7,0,4,0,0
2_00683.png,20,0,1,0,0
2_00684.png,17,0,2,0,0
2_00685.png,13,0,2,0,0
2_00686.png,7,1,7,0,0
2_00687.png,11,0,2,0,0
2_00688.png,7,4,1,0,0
2_00689.png,11,0,5,0,0
2_00690.png,14,0,3,0,0
2_00691.png,3,2,4,0,0
2_00692.png,9,0,4,0,0
2_00693.png,10,1,3,0,0
2_00694.png,11,1,2,0,0
2_00695.png,7,0,3,0,0
2_00696.png,11,0,2,0,0
2_00697.png,7,1,1,0,0
2_00698.png,5,1,0,0,0
2_00699.png,1,0,5,0,0
2_00700.png,18,0,2,0,0
2_00701.png,7,0,1,0,0
2_00702.png,10,2,9,0,0
2_00703.png,12,0,2,0,0
2_00704.png,7,0,5,0,0
2_00705.png,6,2,6,0,0
2_00706.png,13,17,13,0,0
2_00707.png,0,10,6,0,0
2_00708.png,0,4,12,0,0
2_00709.png,0,31,6,0,0
2_00710.png,2,0,2,0,0
2_00711.png,31,3,0,0,0
2_00712.png,25,0,3,0,0
2_00713.png,13,0,4,0,0
2_00714.png,14,2,10,0,0
2_00715.png,23,1,4,0,0
2_00716.png,51,0,2,0,0
2_00717.png,2,0,13,0,0
2_00718.png,0,1,10,0,0
2_00719.png,0,1,8,0,0
2_00720.png,0,5,10,0,0
2_00721.png,0,2,7,0,0
2_00722.png,0,2,6,0,0
2_00723.png,0,3,12,0,0
2_00724.png,0,11,15,0,0
2_00725.png,0,0,16,0,0
2_00726.png,0,2,8,0,0
2_00727.png,0,0,12,0,0
2_00728.png,28,2,3,0,0
2_00729.png,33,3,1,0,0
2_00730.png,16,6,3,0,0
2_00731.png,0,2,9,0,0
2_00732.png,0,4,4,0,0
2_00733.png,0,2,3,0,0
2_00734.png,0,0,1,0,0
2_00735.png,0,0,0,0,0
2_00736.png,16,2,1,0,0
2_00737.png,34,8,5,0,0
2_00738.png,22,0,0,0,0
2_00739.png,22,0,2,0,0
2_00740.png,2,0,0,0,0
2_00741.png,19,0,1,0,0
2_00742.png,0,0,23,0,0
2_00743.png,0,1,20,0,0
2_00744.png,0,0,20,0,0
2_00745.png,0,9,21,0,0
2_00746.png,0,6,19,0,0
2_00747.png,0,1,23,0,0
2_00748.png,0,7,28,0,0
2_00749.png,0,1,5,0,0
2_00750.png,0,10,12,0,0
2_00751.png,0,6,6,0,0
2_00752.png,0,6,21,0,0
2_00753.png,0,4,18,0,0
2_00754.png,0,0,0,0,0
2_00755.png,0,3,1,0,0
2_00756.png,0,1,0,0,0
2_00757.png,0,1,1,0,0
2_00758.png,0,0,2,0,0
2_00759.png,0,114,1,0,0
2_00760.png,0,114,3,0,0
2_00761.png,0,2,3,0,0
2_00762.png,0,0,0,0,0
2_00763.png,16,1,1,0,0
2_00764.png,20,1,1,0,0
2_00765.png,17,0,0,0,0
2_00766.png,26,0,0,0,0
2_00767.png,17,0,0,4,0
2_00768.png,19,2,3,0,0
2_00769.png,13,1,3,3,0
2_00770.png,25,0,2,0,0
2_00771.png,19,0,0,3,0
2_00772.png,13,1,2,0,0
2_00773.png,19,1,5,0,0
2_00774.png,18,1,0,0,0
2_00775.png,22,0,1,0,0
2_00776.png,0,91,8,0,0
2_00777.png,0,91,5,0,0
2_00778.png,0,0,0,0,0
2_00779.png,0,0,1,0,0
2_00780.png,0,0,0,0,0
2_00781.png,0,1,0,0,0
2_00782.png,0,1,3,0,0
2_00783.png,0,0,1,0,0
2_00784.png,0,0,0,0,0
2_00785.png,0,2,25,0,0
2_00786.png,0,7,37,0,0
2_00787.png,28,1,8,0,0
2_00788.png,2,0,34,0,0
2_00789.png,10,0,33,0,0
2_00790.png,0,0,45,0,0
2_00791.png,0,5,6,0,0
2_00792.png,0,5,3,0,0
2_00793.png,0,1,5,0,0
2_00794.png,0,7,10,0,0
2_00795.png,0,0,3,0,0
2_00796.png,0,6,4,0,0
2_00797.png,0,4,14,0,0
2_00798.png,4,1,4,0,0
2_00799.png,0,25,12,0,0
2_00800.png,0,7,3,0,0
2_00801.png,2,11,4,0,0
2_00802.png,0,78,4,0,0
2_00803.png,0,86,3,0,0
2_00804.png,0,78,3,0,0
2_00805.png,0,77,4,0,0
2_00806.png,0,87,4,0,0
2_00807.png,0,14,20,0,0
2_00808.png,0,3,33,0,0
2_00809.png,0,12,13,0,0
2_00810.png,8,7,18,0,0
2_00811.png,74,3,2,0,0
2_00812.png,58,2,0,0,0
2_00813.png,48,2,2,0,0
2_00814.png,1,15,35,0,0
2_00815.png,26,6,0,0,0
2_00816.png,22,2,10,0,0
2_00817.png,31,0,3,0,0
2_00818.png,7,0,13,0,0
2_00819.png,18,2,5,0,0
2_00820.png,29,0,1,0,0
2_00821.png,14,1,3,0,0
2_00822.png,24,4,2,0,0
2_00823.png,13,3,13,0,0
2_00824.png,23,4,3,0,0
2_00825.png,28,2,14,0,0
2_00826.png,21,10,6,0,0
2_00827.png,10,23,17,0,0
2_00828.png,22,1,11,0,0
2_00829.png,23,1,8,0,0
2_00830.png,34,0,4,0,0
2_00831.png,1,10,12,0,0
2_00832.png,1,15,21,0,0
2_00833.png,13,8,8,0,0
2_00834.png,24,1,0,0,0
2_00835.png,42,0,1,0,0
2_00836.png,42,2,1,0,0
2_00837.png,24,1,2,0,0
2_00838.png,43,1,0,0,0
2_00839.png,48,0,0,0,0
2_00840.png,36,0,1,0,0
2_00841.png,24,0,1,0,0
2_00842.png,31,0,1,0,0
2_00843.png,24,0,0,0,0
2_00844.png,21,0,4,0,0
2_00845.png,16,0,10,0,0
2_00846.png,11,1,6,0,0
2_00847.png,19,1,7,0,0
2_00848.png,17,0,0,0,0
2_00849.png,14,0,0,0,0
2_00850.png,17,0,1,0,0
2_00851.png,18,0,0,0,0
2_00852.png,19,0,1,0,0
2_00853.png,21,0,0,0,0
2_00854.png,10,5,9,0,0
2_00855.png,11,5,2,0,0
2_00856.png,22,0,0,0,0
2_00857.png,7,0,2,0,7
2_00858.png,1,0,0,0,42
2_00859.png,1,0,9,0,0
2_00860.png,0,30,7,0,0
2_00861.png,18,0,3,0,3
2_00862.png,20,0,0,0,0
2_00863.png,27,0,3,0,0
2_00864.png,22,0,11,0,0
2_00865.png,29,0,8,0,0
2_00866.png,53,0,3,0,0
2_00867.png,25,1,6,0,0
2_00868.png,30,0,1,0,0
2_00869.png,15,0,2,0,0
2_00870.png,16,1,7,0,0
2_00871.png,19,0,6,0,0
2_00872.png,27,0,6,0,0
2_00873.png,29,0,4,0,0
2_00874.png,34,4,0,0,0
2_00875.png,14,1,7,0,0
2_00876.png,22,1,7,0,0
2_00877.png,24,0,4,0,0
2_00878.png,36,0,3,0,0
2_00879.png,44,1,1,0,0
2_00880.png,26,1,3,0,0
2_00881.png,43,0,3,0,0
2_00882.png,10,0,8,0,0
2_00883.png,25,0,3,0,0
2_00884.png,33,0,0,0,0
2_00885.png,47,31,4,0,0
2_00886.png,111,0,0,0,0
2_00887.png,111,1,0,0,0
2_00888.png,28,40,65,0,0
2_00889.png,10,67,87,0,0
2_00890.png,0,94,1,0,0
2_00891.png,0,97,2,0,0
2_00892.png,0,102,1,0,0
2_00893.png,0,94,2,0,0
2_00894.png,0,108,2,0,0
2_00895.png,0,0,23,0,0
2_00896.png,1,0,30,0,0
2_00897.png,1,2,17,0,0
2_00898.png,8,3,15,0,0
2_00899.png,41,0,1,0,0
2_00900.png,31,1,0,0,0
2_00901.png,26,0,3,0,0
2_00902.png,50,0,0,0,0
2_00903.png,40,0,0,0,0
2_00904.png,41,0,0,0,0
2_00905.png,45,0,2,0,0
2_00906.png,42,0,0,0,0
2_00907.png,43,0,1,0,0
2_00908.png,46,0,0,0,0
2_00909.png,51,0,1,0,0
2_00910.png,49,0,0,0,0
2_00911.png,42,1,0,0,0
2_00912.png,49,0,0,0,0
2_00913.png,45,0,0,0,0
2_00914.png,48,0,0,0,0
2_00915.png,43,0,0,0,0
2_00916.png,40,0,0,0,0
2_00917.png,46,0,0,0,0
2_00918.png,0,0,3,0,0
2_00919.png,0,0,10,0,0
2_00920.png,0,0,2,0,0
2_00921.png,0,0,4,0,0
2_00922.png,0,0,7,0,0
2_00923.png,0,0,9,0,0
2_00924.png,0,0,2,0,0
2_00925.png,0,0,5,0,0
2_00926.png,0,0,3,0,0
2_00927.png,0,0,4,0,0
2_00928.png,0,0,3,0,0
2_00929.png,50,1,1,27,0
2_00930.png,44,0,33,16,0
2_00931.png,58,0,8,19,0
2_00932.png,32,0,30,23,0
2_00933.png,15,0,14,40,0
2_00934.png,25,0,13,39,0
2_00935.png,28,0,6,44,0
2_00936.png,28,0,19,21,0
2_00937.png,4,0,9,40,0
2_00938.png,10,7,27,35,0
2_00939.png,24,4,12,37,0
2_00940.png,33,0,8,34,0
2_00941.png,27,0,19,25,0
2_00942.png,10,4,12,58,0
2_00943.png,64,3,11,4,0
2_00944.png,11,0,11,0,0
2_00945.png,20,0,8,0,0
2_00946.png,34,0,0,0,0
2_00947.png,28,0,0,0,0
2_00948.png,20,0,0,0,0
2_00949.png,3,0,7,0,0
2_00950.png,7,1,20,0,0
2_00951.png,19,0,11,0,0
2_00952.png,17,0,8,0,0
2_00953.png,12,1,5,0,0
2_00954.png,28,0,0,0,0
2_00955.png,26,0,5,0,0
2_00956.png,44,0,1,0,0
2_00957.png,10,4,35,0,0
2_00958.png,21,10,29,0,0
2_00959.png,50,11,8,0,0
2_00960.png,42,1,0,0,0
2_00961.png,34,1,0,0,0
2_00962.png,48,0,0,0,0
2_00963.png,58,11,11,0,0
2_00964.png,27,6,40,0,0
2_00965.png,36,11,20,0,0
2_00966.png,33,17,3,9,0
2_00967.png,28,0,3,0,0
2_00968.png,28,0,0,0,0
2_00969.png,23,0,17,0,0
2_00970.png,38,0,8,1,0
2_00971.png,38,1,9,1,0
2_00972.png,59,1,1,0,0
2_00973.png,27,0,0,5,0
2_00974.png,43,3,0,0,0
2_00975.png,47,4,0,0,0
2_00976.png,31,1,2,2,0
2_00977.png,33,0,0,0,0
2_00978.png,25,0,1,3,0
2_00979.png,39,4,1,3,0
2_00980.png,44,4,0,3,0
2_00981.png,44,2,0,0,0
2_00982.png,36,0,0,0,0
2_00983.png,33,0,0,18,0
2_00984.png,48,1,0,0,0
2_00985.png,40,0,1,7,0
2_00986.png,39,0,0,4,0
2_00987.png,48,3,1,3,0
2_00988.png,37,0,0,11,0
2_00989.png,41,1,0,0,0
2_00990.png,31,0,0,3,0
2_00991.png,35,3,0,0,0
2_00992.png,53,0,1,5,0
2_00993.png,41,0,0,7,0
2_00994.png,12,0,0,31,0
2_00995.png,25,3,0,11,0
2_00996.png,32,1,1,0,0
2_00997.png,24,0,0,16,0
2_00998.png,40,5,0,1,0
2_00999.png,46,0,0,0,0
2_01000.png,24,0,0,15,0
2_01001.png,35,0,0,2,0
2_01002.png,43,2,0,0,0
2_01003.png,32,1,0,1,0
2_01004.png,112,19,9,0,0
2_01005.png,12,136,66,0,0
2_01006.png,45,6,44,0,0
2_01007.png,0,71,106,0,9
2_01008.png,1,28,8,0,0
2_01009.png,20,0,3,0,0
2_01010.png,1,3,16,0,0
2_01011.png,2,11,13,0,0
2_01012.png,0,6,7,0,0
2_01013.png,0,9,14,0,0
2_01014.png,1,8,14,0,0
2_01015.png,0,3,20,0,0
2_01016.png,0,0,0,0,0
2_01017.png,21,0,2,0,0
2_01018.png,0,76,3,0,0
2_01019.png,0,59,6,0,0
2_01020.png,0,0,11,0,3
2_01021.png,0,0,0,0,39
2_01022.png,0,0,0,0,21
2_01023.png,0,0,0,0,1
2_01024.png,0,0,0,0,4
2_01025.png,0,0,0,0,7
2_01026.png,0,1,11,0,27
2_01027.png,0,5,37,0,0
2_01028.png,0,7,35,0,11
2_01029.png,0,3,42,0,0
2_01030.png,0,2,10,0,0
2_01031.png,0,2,4,0,0
2_01032.png,0,2,8,0,0
2_01033.png,0,0,7,0,0
2_01034.png,0,0,9,0,0
2_01035.png,0,0,6,0,0
2_01036.png,0,2,5,0,0
2_01037.png,0,0,3,0,0
2_01038.png,26,0,10,0,0
2_01039.png,0,2,5,0,0
2_01040.png,27,0,2,0,0
2_01041.png,0,0,3,0,0
2_01042.png,19,3,6,0,0
2_01043.png,0,0,5,0,0
2_01044.png,0,0,14,0,0
2_01045.png,0,0,10,0,0
2_01046.png,0,0,17,0,0
2_01047.png,0,0,12,0,0
2_01048.png,0,0,11,0,0
2_01049.png,0,0,12,0,0
2_01050.png,0,0,14,0,0
2_01051.png,0,0,5,0,0
2_01052.png,0,2,16,0,0
2_01053.png,0,0,16,0,0
2_01054.png,0,0,12,0,0
2_01055.png,0,0,14,0,0
2_01056.png,0,0,11,0,0
2_01057.png,21,0,4,0,0
2_01058.png,30,0,3,0,0
2_01059.png,33,0,0,0,0
2_01060.png,30,0,2,0,0
2_01061.png,31,0,1,0,0
2_01062.png,23,2,7,11,0
2_01063.png,36,1,6,0,0
2_01064.png,27,0,2,0,0
2_01065.png,29,0,0,0,0
2_01066.png,36,0,2,0,0
2_01067.png,11,0,28,0,0
2_01068.png,25,0,8,0,0
2_01069.png,26,0,2,0,0
2_01070.png,20,0,8,0,0
2_01071.png,14,0,25,0,0
2_01072.png,16,2,12,4,0
2_01073.png,30,0,18,0,0
2_01074.png,13,0,4,9,0
2_01075.png,19,1,7,0,0
2_01076.png,0,0,0,0,0
2_01077.png,0,1,0,0,0
2_01078.png,0,0,0,0,0
2_01079.png,0,0,0,0,0
2_01080.png,0,3,0,0,0
2_01081.png,0,1,0,0,0
2_01082.png,0,1,0,0,0
2_01083.png,0,0,0,0,0
2_01084.png,0,1,0,0,0
2_01085.png,0,0,0,0,0
2_01086.png,0,3,0,0,0
2_01087.png,0,6,1,0,0
2_01088.png,0,0,0,0,0
2_01089.png,0,1,0,0,0
2_01090.png,0,1,0,0,0
2_01091.png,0,1,1,0,0
2_01092.png,0,1,0,0,0
2_01093.png,20,0,3,0,0
2_01094.png,24,1,4,0,0
2_01095.png,25,4,6,0,0
2_01096.png,29,0,1,0,0
2_01097.png,23,0,2,0,0
2_01098.png,17,1,6,0,0
2_01099.png,15,1,3,0,0
2_01100.png,12,0,3,0,0
2_01101.png,25,0,3,0,0
2_01102.png,2,0,2,0,0
2_01103.png,26,1,3,0,0
2_01104.png,22,0,1,0,0
2_01105.png,5,0,1,0,0
2_01106.png,8,1,0,0,0
2_01107.png,12,1,3,0,0
2_01108.png,11,0,3,0,0
2_01109.png,14,0,1,0,0
2_01110.png,10,0,2,0,0
2_01111.png,11,0,3,0,0
2_01112.png,10,1,0,0,0
2_01113.png,12,0,1,0,0
2_01114.png,16,0,1,0,0
2_01115.png,10,0,3,0,0
2_01116.png,6,0,4,0,0
2_01117.png,8,0,2,0,0
2_01118.png,10,0,4,0,0
2_01119.png,9,0,4,0,0
2_01120.png,10,2,2,0,0
2_01121.png,11,0,1,0,0
2_01122.png,8,0,1,0,0
2_01123.png,6,0,5,0,0
2_01124.png,11,0,0,0,0
2_01125.png,13,0,2,0,0
2_01126.png,17,0,0,0,0
2_01127.png,15,0,0,0,0
2_01128.png,11,0,1,0,0
2_01129.png,19,0,0,0,0
2_01130.png,19,0,0,0,0
2_01131.png,15,0,1,0,0
2_01132.png,12,0,0,0,0
2_01133.png,14,0,1,0,0
2_01134.png,18,0,2,0,0
2_01135.png,6,0,1,0,0
2_01136.png,10,0,1,0,0
2_01137.png,10,0,1,0,0
2_01138.png,11,0,0,0,0
2_01139.png,7,0,3,0,0
2_01140.png,7,0,1,0,0
2_01141.png,17,0,0,0,0
2_01142.png,16,0,2,0,0
2_01143.png,15,1,0,0,0
2_01144.png,15,0,0,0,0
2_01145.png,13,0,2,0,0
2_01146.png,14,0,0,0,0
2_01147.png,12,0,0,0,0
2_01148.png,11,0,0,0,0
2_01149.png,18,0,2,0,0
2_01150.png,12,1,0,0,0
2_01151.png,16,0,1,0,0
2_01152.png,8,0,0,0,0
2_01153.png,12,0,1,0,0
2_01154.png,8,1,3,0,0
2_01155.png,13,0,0,0,0
2_01156.png,8,0,7,0,0
2_01157.png,16,0,0,0,0
2_01158.png,10,1,0,0,0
2_01159.png,11,0,2,0,0
2_01160.png,16,0,5,0,0
2_01161.png,11,1,0,0,0
2_01162.png,14,0,0,0,0
2_01163.png,0,0,9,0,0
2_01164.png,0,0,9,0,0
2_01165.png,0,3,5,0,9
2_01166.png,0,13,12,0,16
2_01167.png,0,21,6,0,16
2_01168.png,0,1,2,0,13
2_01169.png,0,0,2,0,14
2_01170.png,0,0,6,0,0
2_01171.png,25,0,1,0,0
2_01172.png,7,0,8,0,0
2_01173.png,13,0,0,0,0
2_01174.png,26,0,0,0,0
2_01175.png,26,0,0,0,0
2_01176.png,14,0,6,0,0
2_01177.png,23,0,0,0,0
2_01178.png,4,0,6,0,0
2_01179.png,13,1,7,0,0
2_01180.png,5,0,8,0,0
2_01181.png,2,0,14,0,0
2_01182.png,23,0,5,0,0
2_01183.png,15,1,1,0,0
2_01184.png,11,0,2,0,0
2_01185.png,32,0,0,0,0
2_01186.png,0,0,7,0,7
2_01187.png,0,1,5,0,8
2_01188.png,0,0,3,0,11
2_01189.png,0,1,4,0,16
2_01190.png,0,0,3,0,12
2_01191.png,0,0,4,0,19
2_01192.png,0,1,4,0,18
2_01193.png,0,0,1,0,25
2_01194.png,0,0,3,0,15
2_01195.png,0,1,3,0,21
2_01196.png,0,0,3,0,11
2_01197.png,0,0,3,0,28
2_01198.png,0,0,5,0,22
2_01199.png,0,0,6,0,11
2_01200.png,0,1,3,0,30
2_01201.png,0,2,13,0,16
2_01202.png,0,1,13,0,20
2_01203.png,0,2,5,0,16
2_01204.png,0,12,6,0,26
2_01205.png,0,26,15,0,10
2_01206.png,0,10,30,0,5
2_01207.png,0,2,12,0,0
2_01208.png,0,1,19,0,0
2_01209.png,0,0,16,0,0
2_01210.png,0,2,16,0,0
2_01211.png,11,1,9,0,0
2_01212.png,10,2,1,0,0
2_01213.png,18,1,2,0,0
2_01214.png,10,0,0,0,0
2_01215.png,15,2,0,0,0
2_01216.png,15,2,7,0,0
2_01217.png,13,2,0,0,0
2_01218.png,9,0,1,0,0
2_01219.png,16,0,1,0,0
2_01220.png,11,0,0,0,0
2_01221.png,13,1,3,0,0
2_01222.png,21,0,0,0,0
2_01223.png,17,1,0,0,0
2_01224.png,17,2,0,0,0
2_01225.png,13,6,0,0,0
2_01226.png,17,7,0,0,0
2_01227.png,15,3,1,0,0
2_01228.png,17,5,11,0,0
2_01229.png,18,8,1,0,0
2_01230.png,21,8,0,0,0
2_01231.png,6,14,6,0,0
2_01232.png,16,10,1,0,0
2_01233.png,23,3,1,0,0
2_01234.png,10,14,11,0,0
2_01235.png,11,14,3,0,0
2_01236.png,36,0,0,0,0
2_01237.png,65,0,0,0,0
2_01238.png,52,0,3,1,0
2_01239.png,0,17,1,0,0
2_01240.png,11,10,3,0,0
2_01241.png,69,0,0,5,0
2_01242.png,48,0,1,1,0
2_01243.png,2,8,6,0,0
2_01244.png,56,0,2,0,0
2_01245.png,0,20,6,0,0
2_01246.png,15,12,1,0,0
2_01247.png,1,20,4,0,0
2_01248.png,8,1,8,0,0
2_01249.png,4,3,10,0,0
2_01250.png,12,1,2,0,0
2_01251.png,7,0,1,0,0
2_01252.png,8,4,1,0,0
2_01253.png,13,0,2,0,0
2_01254.png,10,0,4,0,0
2_01255.png,4,3,6,0,0
2_01256.png,9,1,2,0,0
2_01257.png,13,4,4,0,0
2_01258.png,10,1,8,0,0
2_01259.png,15,3,3,0,0
2_01260.png,10,1,3,0,0
2_01261.png,8,2,4,0,0
2_01262.png,9,3,7,0,0
2_01263.png,3,2,6,0,0
2_01264.png,6,1,7,0,0
2_01265.png,5,2,4,0,0
2_01266.png,0,0,2,0,0
2_01267.png,1,3,4,0,0
2_01268.png,3,3,10,0,0
2_01269.png,17,5,5,0,0
2_01270.png,18,0,0,0,0
2_01271.png,14,0,1,0,0
2_01272.png,17,0,0,0,0
2_01273.png,13,0,0,0,0
2_01274.png,10,0,1,0,0
2_01275.png,19,0,1,0,0
2_01276.png,8,0,1,0,0
2_01277.png,20,0,3,0,0
2_01278.png,21,0,0,0,0
2_01279.png,16,0,0,0,0
2_01280.png,9,0,1,0,0
2_01281.png,20,0,0,0,0
2_01282.png,13,0,0,0,0
2_01283.png,18,0,1,0,0
2_01284.png,17,0,2,0,0
2_01285.png,14,0,1,0,0
2_01286.png,16,0,0,0,0
2_01287.png,17,2,8,0,0
2_01288.png,18,2,0,0,0
2_01289.png,0,8,6,0,0
2_01290.png,26,3,1,0,0
2_01291.png,0,0,12,0,0
2_01292.png,0,1,8,0,0
2_01293.png,0,5,17,0,0
2_01294.png,5,6,14,0,0
2_01295.png,0,7,7,0,0
2_01296.png,0,3,16,0,0
2_01297.png,0,1,5,0,18
2_01298.png,0,0,3,0,22
2_01299.png,0,1,7,0,52
2_01300.png,0,0,1,0,5
2_01301.png,0,1,8,0,14
2_01302.png,0,4,25,0,7
2_01303.png,0,3,0,0,6
2_01304.png,0,4,16,0,16
2_01305.png,0,6,19,0,0
2_01306.png,0,1,8,0,15
2_01307.png,0,0,0,0,0
2_01308.png,0,1,5,0,27
2_01309.png,0,0,11,0,24
2_01310.png,0,4,13,0,16
2_01311.png,0,9,24,0,0
2_01312.png,0,0,0,0,15
2_01313.png,0,2,5,0,0
2_01314.png,0,2,20,0,15
2_01315.png,9,1,10,0,0
2_01316.png,2,0,13,0,0
2_01317.png,17,2,10,0,0
2_01318.png,3,3,10,0,0
2_01319.png,3,3,15,0,0
2_01320.png,4,0,8,0,0
2_01321.png,0,0,6,0,0
2_01322.png,12,0,11,0,0
2_01323.png,9,0,14,0,0
2_01324.png,47,0,0,0,0
2_01325.png,47,0,3,0,0
2_01326.png,38,0,2,0,0
2_01327.png,49,0,2,0,0
2_01328.png,38,0,8,0,0
2_01329.png,5,1,8,0,0
2_01330.png,10,0,13,0,0
2_01331.png,8,0,11,0,0
2_01332.png,3,9,15,0,0
2_01333.png,21,9,5,0,0
2_01334.png,0,3,22,0,0
2_01335.png,39,0,2,0,0
2_01336.png,35,6,2,0,0
2_01337.png,0,27,17,0,0
2_01338.png,24,6,5,0,0
2_01339.png,39,2,0,0,0
2_01340.png,19,24,6,0,0
2_01341.png,0,28,21,0,0
2_01342.png,0,3,30,0,0
2_01343.png,36,0,0,0,0
2_01344.png,0,49,9,0,0
2_01345.png,7,2,17,0,0
2_01346.png,6,7,14,0,0
2_01347.png,17,4,9,0,0
2_01348.png,34,1,2,0,0
2_01349.png,6,5,9,0,0
2_01350.png,0,20,21,0,36
2_01351.png,0,6,16,0,38
2_01352.png,0,52,30,0,12
2_01353.png,0,20,17,0,29
2_01354.png,0,1,4,0,8
2_01355.png,106,0,0,0,0
2_01356.png,41,3,4,0,0
2_01357.png,38,1,0,75,0
2_01358.png,30,0,0,57,0
2_01359.png,0,0,0,0,5
2_01360.png,0,28,28,0,19
2_01361.png,0,0,0,0,3
2_01362.png,0,8,20,0,13
2_01363.png,0,11,13,0,12
2_01364.png,0,2,2,0,0
2_01365.png,0,61,86,0,0
2_01366.png,37,0,5,0,0
2_01367.png,43,1,1,0,0
2_01368.png,51,1,31,0,0
2_01369.png,27,10,39,0,0
2_01370.png,59,11,28,0,0
2_01371.png,16,3,37,0,0
2_01372.png,0,4,24,0,0
2_01373.png,0,2,20,0,0
2_01374.png,0,1,19,0,0
2_01375.png,14,0,0,9,0
2_01376.png,11,0,18,0,0
2_01377.png,23,0,2,3,0
2_01378.png,32,0,2,5,0
2_01379.png,23,0,1,2,0
2_01380.png,28,0,0,2,0
2_01381.png,24,0,0,7,0
2_01382.png,10,22,38,0,0
2_01383.png,23,17,32,0,0
2_01384.png,13,3,34,0,0
2_01385.png,0,25,4,0,0
2_01386.png,0,10,14,0,0
2_01387.png,0,5,26,0,0
2_01388.png,0,4,13,0,0
2_01389.png,0,4,9,0,0
2_01390.png,0,7,19,0,0
2_01391.png,0,9,0,0,0
2_01392.png,0,0,5,0,0
2_01393.png,25,0,0,0,0
2_01394.png,0,8,11,0,0
2_01395.png,0,5,17,0,0
2_01396.png,0,9,37,0,0
2_01397.png,0,7,21,0,0
2_01398.png,29,0,0,0,0
2_01399.png,28,0,1,0,0
2_01400.png,32,2,5,0,0
2_01401.png,25,1,2,0,0
2_01402.png,26,4,0,0,0
2_01403.png,0,3,3,0,0
2_01404.png,0,3,14,0,0
2_01405.png,0,1,0,0,0
2_01406.png,0,0,17,0,0
2_01407.png,0,1,2,0,0
2_01408.png,15,0,0,0,0
2_01409.png,14,0,0,0,0
2_01410.png,13,3,2,0,0
2_01411.png,16,0,0,0,0
2_01412.png,6,0,0,0,0
2_01413.png,8,0,0,0,0
2_01414.png,9,0,0,0,0
2_01415.png,24,0,0,0,0
2_01416.png,18,1,0,0,0
2_01417.png,22,0,1,0,0
2_01418.png,17,0,0,0,0
2_01419.png,16,0,0,0,0
2_01420.png,0,0,0,0,3
2_01421.png,0,0,0,0,5
2_01422.png,0,0,0,0,4
2_01423.png,0,0,0,0,6
2_01424.png,0,0,2,0,5
2_01425.png,0,0,0,0,6
2_01426.png,0,0,2,0,2
2_01427.png,0,0,1,0,1
2_01428.png,0,0,1,0,2
2_01429.png,0,0,7,0,0
2_01430.png,0,0,2,0,0
2_01431.png,0,2,8,0,0
2_01432.png,0,0,4,0,0
2_01433.png,11,0,0,0,0
2_01434.png,8,0,0,0,0
2_01435.png,9,0,0,0,0
2_01436.png,17,1,1,0,0
2_01437.png,1,0,3,0,0
2_01438.png,0,0,0,0,0
2_01439.png,16,0,1,0,0
2_01440.png,24,1,1,0,0
2_01441.png,9,0,5,0,0
2_01442.png,3,0,5,0,0
2_01443.png,16,2,0,0,0
2_01444.png,5,3,0,0,0
2_01445.png,3,5,4,0,0
2_01446.png,6,6,4,0,0
2_01447.png,9,5,3,0,0
2_01448.png,16,0,7,0,0
2_01449.png,13,1,6,0,0
2_01450.png,24,1,4,0,0
2_01451.png,14,0,2,0,0
2_01452.png,9,0,6,0,0
2_01453.png,11,2,5,0,0
2_01454.png,21,0,3,0,0
2_01455.png,1,6,5,0,0
2_01456.png,0,10,3,0,0
2_01457.png,0,2,2,0,0
2_01458.png,0,12,3,5,0
2_01459.png,0,2,9,0,0
2_01460.png,0,1,0,0,0
2_01461.png,1,0,0,0,0
2_01462.png,0,1,1,0,0
2_01463.png,1,3,5,0,0
2_01464.png,1,1,11,0,0
2_01465.png,3,2,5,0,0
2_01466.png,1,0,0,0,0
2_01467.png,12,1,5,0,0
2_01468.png,0,0,3,0,0
2_01469.png,0,0,2,0,0
2_01470.png,0,0,5,0,0
2_01471.png,0,0,2,0,0
2_01472.png,0,0,2,0,0
2_01473.png,0,7,25,0,2
2_01474.png,0,14,24,0,0
2_01475.png,0,7,20,0,6
2_01476.png,0,0,6,0,0
2_01477.png,0,0,10,0,0
2_01478.png,1,1,8,0,0
2_01479.png,4,3,15,0,0
2_01480.png,0,0,4,0,0
2_01481.png,2,4,12,0,0
2_01482.png,15,0,1,0,0
2_01483.png,3,0,5,0,0
2_01484.png,3,2,19,0,0
2_01485.png,0,0,23,0,0
2_01486.png,5,4,13,0,0
2_01487.png,0,1,7,0,0
2_01488.png,0,0,13,0,0
2_01489.png,0,1,3,0,7
2_01490.png,0,4,2,0,6
2_01491.png,0,3,2,0,16
2_01492.png,0,1,1,0,13
2_01493.png,0,4,7,0,9
2_01494.png,0,12,5,0,0
2_01495.png,0,0,5,0,0
2_01496.png,0,0,4,0,0
2_01497.png,0,0,9,0,0
2_01498.png,0,0,4,0,0
2_01499.png,0,0,10,0,0
2_01500.png,0,3,6,0,0
2_01501.png,16,1,21,0,0
2_01502.png,32,0,9,0,0
2_01503.png,20,1,8,0,0
2_01504.png,33,0,5,0,0
2_01505.png,32,0,4,0,0
2_01506.png,0,0,0,0,0
2_01507.png,0,0,0,0,0
2_01508.png,0,0,0,0,0
2_01509.png,0,0,0,0,0
2_01510.png,0,0,0,0,0
2_01511.png,0,0,0,0,0
2_01512.png,12,18,7,0,0
2_01513.png,9,13,14,0,0
2_01514.png,2,16,22,0,0
2_01515.png,27,3,1,0,0
2_01516.png,17,8,7,0,0
2_01517.png,23,0,5,0,0
2_01518.png,0,0,0,0,0
2_01519.png,0,0,0,0,0
2_01520.png,0,13,20,0,0
2_01521.png,0,0,2,0,0
2_01522.png,0,0,2,0,0
2_01523.png,0,0,0,0,0
2_01524.png,12,3,2,0,0
2_01525.png,0,26,10,0,0
2_01526.png,11,0,1,0,0
2_01527.png,0,40,17,0,0
2_01528.png,4,50,17,0,0
2_01529.png,0,59,10,0,0
2_01530.png,0,37,23,0,0
2_01531.png,0,38,12,0,0
2_01532.png,15,0,3,0,0
2_01533.png,21,0,3,0,0
2_01534.png,12,4,4,0,0
2_01535.png,9,2,7,0,0
2_01536.png,1,5,13,0,0
2_01537.png,0,7,15,0,0
2_01538.png,1,17,12,0,0
2_01539.png,0,19,16,0,0
2_01540.png,0,22,25,0,0
2_01541.png,0,17,27,0,0
2_01542.png,0,48,18,0,0
2_01543.png,1,19,14,0,0
2_01544.png,0,16,19,0,0
2_01545.png,1,8,18,0,0
2_01546.png,3,26,12,0,0
2_01547.png,0,6,16,0,0
2_01548.png,0,11,11,0,0
2_01549.png,0,4,8,0,0
2_01550.png,0,0,8,0,15
2_01551.png,0,0,4,0,18
2_01552.png,0,1,12,0,0
2_01553.png,13,0,6,0,0
2_01554.png,20,0,10,0,0
2_01555.png,8,0,22,0,0
2_01556.png,21,0,3,0,0
2_01557.png,17,1,6,0,0
2_01558.png,15,2,5,0,0
2_01559.png,10,0,3,0,0
2_01560.png,10,1,25,0,0
2_01561.png,2,5,31,0,0
2_01562.png,12,4,21,0,0
2_01563.png,0,1,10,0,0
2_01564.png,0,6,4,0,0
2_01565.png,2,6,14,0,0
2_01566.png,0,0,0,0,0
2_01567.png,0,0,0,0,0
2_01568.png,0,0,0,0,0
2_01569.png,0,0,0,0,0
2_01570.png,0,0,0,0,0
2_01571.png,0,0,0,0,0
2_01572.png,0,0,0,0,0
2_01573.png,0,2,29,0,0
2_01574.png,0,0,14,0,0
2_01575.png,0,0,22,0,0
2_01576.png,0,0,20,0,0
2_01577.png,0,1,22,0,0
2_01578.png,0,0,26,0,0
2_01579.png,0,0,16,0,0
2_01580.png,31,0,0,0,0
2_01581.png,28,0,1,0,0
2_01582.png,12,1,10,0,0
2_01583.png,25,0,1,0,0
2_01584.png,29,0,0,0,0
2_01585.png,23,0,0,0,0
2_01586.png,26,1,2,0,0
2_01587.png,31,0,1,0,0
2_01588.png,21,2,13,0,0
2_01589.png,23,0,6,0,0
2_01590.png,30,1,0,0,0
2_01591.png,32,0,0,0,0
2_01592.png,29,0,0,0,0
2_01593.png,27,0,0,0,0
2_01594.png,31,1,0,0,0
2_01595.png,0,0,18,0,0
2_01596.png,0,1,11,0,0
2_01597.png,0,1,14,0,0
2_01598.png,0,0,14,0,0
2_01599.png,0,0,21,0,0
2_01600.png,0,0,18,0,0
2_01601.png,0,0,13,0,0
2_01602.png,0,2,16,0,0
2_01603.png,0,0,13,0,0
2_01604.png,0,0,9,0,0
2_01605.png,0,0,9,0,0
2_01606.png,0,0,10,0,0
2_01607.png,0,0,3,0,0
2_01608.png,0,0,6,0,0
2_01609.png,0,0,5,0,0
2_01610.png,0,0,12,0,0
2_01611.png,0,0,0,0,0
2_01612.png,0,0,1,0,0
2_01613.png,0,1,6,0,8
2_01614.png,0,0,4,0,32
2_01615.png,0,1,4,0,0
2_01616.png,0,0,7,0,1
2_01617.png,0,0,7,0,0
2_01618.png,10,1,9,0,0
2_01619.png,7,3,17,0,0
2_01620.png,0,5,17,0,0
2_01621.png,0,0,12,0,0
2_01622.png,45,0,0,0,0
2_01623.png,18,1,8,0,0
2_01624.png,26,0,10,0,0
2_01625.png,42,0,1,0,0
2_01626.png,13,7,10,0,0
2_01627.png,3,5,17,0,0
2_01628.png,18,0,0,0,0
2_01629.png,20,0,0,0,0
2_01630.png,25,0,0,0,0
2_01631.png,15,1,0,0,0
2_01632.png,16,0,0,0,0
2_01633.png,26,0,0,0,0
2_01634.png,25,0,1,0,0
2_01635.png,0,0,0,0,0
2_01636.png,0,0,0,0,0
2_01637.png,21,0,0,0,0
2_01638.png,16,0,0,0,0
2_01639.png,20,0,3,0,0
2_01640.png,0,1,6,0,0
2_01641.png,0,0,3,0,0
2_01642.png,0,1,11,0,0
2_01643.png,0,1,6,0,0
2_01644.png,0,1,9,0,0
2_01645.png,0,0,0,0,0
2_01646.png,0,0,0,0,0
2_01647.png,0,0,0,0,0
2_01648.png,0,0,0,0,0
2_01649.png,80,1,7,0,0
2_01650.png,71,0,10,0,0
2_01651.png,85,0,6,0,0
2_01652.png,21,0,6,0,0
2_01653.png,18,0,20,0,0
2_01654.png,15,1,21,0,0
2_01655.png,20,2,8,0,0
2_01656.png,7,1,25,0,0
2_01657.png,24,1,15,0,0
2_01658.png,13,0,15,0,0
2_01659.png,13,3,8,0,0
2_01660.png,31,1,7,0,0
2_01661.png,9,0,10,0,0
2_01662.png,24,0,5,0,0
2_01663.png,25,1,3,0,0
2_01664.png,0,0,0,0,0
2_01665.png,0,0,0,0,0
2_01666.png,0,0,0,0,0
2_01667.png,0,0,0,0,0
2_01668.png,0,0,0,0,0
2_01669.png,0,0,0,0,0
2_01670.png,0,0,0,0,0
2_01671.png,38,0,0,0,0
2_01672.png,45,1,0,0,0
2_01673.png,68,1,0,0,0
2_01674.png,38,2,13,0,0
2_01675.png,17,11,9,0,0
2_01676.png,19,1,16,0,0
2_01677.png,2,5,30,0,0
2_01678.png,36,1,0,0,0
2_01679.png,0,0,14,0,0
2_01680.png,0,0,3,0,0
2_01681.png,22,1,0,0,0
2_01682.png,39,1,0,0,0
2_01683.png,30,0,0,0,0
2_01684.png,28,8,0,0,0
2_01685.png,27,14,3,0,0
2_01686.png,29,1,1,0,0
2_01687.png,33,8,2,0,0
2_01688.png,32,2,1,0,0
2_01689.png,26,4,2,0,0
2_01690.png,24,11,4,0,0
2_01691.png,31,5,3,0,0
2_01692.png,0,25,23,0,0
2_01693.png,0,0,30,0,0
2_01694.png,0,56,10,0,0
2_01695.png,3,59,16,0,0
2_01696.png,41,0,0,0,0
2_01697.png,53,0,0,0,0
2_01698.png,53,0,0,0,0
2_01699.png,42,0,0,0,0
2_01700.png,38,0,0,0,0
2_01701.png,0,0,0,0,7
2_01702.png,0,5,4,0,12
2_01703.png,0,2,5,0,12
2_01704.png,0,2,2,0,12
2_01705.png,0,0,3,0,19
2_01706.png,0,0,2,0,9
2_01707.png,0,4,4,0,22
2_01708.png,0,0,1,0,11
2_01709.png,0,7,7,0,3
2_01710.png,0,7,3,0,9
2_01711.png,0,10,7,0,7
2_01712.png,0,6,3,0,11
2_01713.png,0,10,3,0,11
2_01714.png,0,0,0,0,8
2_01715.png,0,6,5,0,10
2_01716.png,0,10,5,0,6
2_01717.png,0,0,1,0,9
2_01718.png,0,4,4,0,9
2_01719.png,0,0,1,0,7
2_01720.png,0,4,5,0,10
2_01721.png,0,4,7,0,10
2_01722.png,0,17,3,0,5
2_01723.png,0,0,6,0,11
2_01724.png,0,0,10,0,12
2_01725.png,1,12,8,0,1
2_01726.png,0,14,11,0,0
2_01727.png,0,15,11,0,2
2_01728.png,0,16,7,0,0
2_01729.png,0,0,0,0,2
2_01730.png,12,7,6,1,2
2_01731.png,35,0,0,0,0
2_01732.png,0,20,3,0,0
2_01733.png,0,15,3,0,0
2_01734.png,0,1,1,0,21
2_01735.png,0,9,16,0,2
2_01736.png,0,5,3,0,7
2_01737.png,0,0,5,0,17
2_01738.png,0,5,14,0,6
2_01739.png,0,0,0,0,13
2_01740.png,0,6,5,0,7
2_01741.png,0,0,1,0,10
2_01742.png,0,0,0,0,21
2_01743.png,0,0,0,0,0
2_01744.png,1,0,0,0,0
2_01745.png,7,1,2,0,0
2_01746.png,2,1,2,0,11
2_01747.png,0,0,1,0,4
2_01748.png,0,0,4,0,10
2_01749.png,0,1,7,0,0
2_01750.png,0,0,9,0,0
2_01751.png,0,0,2,0,0
2_01752.png,0,0,1,0,0
2_01753.png,0,0,2,0,0
2_01754.png,0,0,8,0,0
2_01755.png,0,0,3,0,0
2_01756.png,0,0,3,0,9
2_01757.png,0,0,0,0,0
2_01758.png,0,0,0,0,7
2_01759.png,0,0,7,0,0
2_01760.png,9,0,0,0,0
2_01761.png,0,0,0,0,11
2_01762.png,0,3,4,0,18
2_01763.png,0,0,1,0,20
2_01764.png,0,10,9,0,5
2_01765.png,0,1,4,0,9
2_01766.png,0,3,4,0,8
2_01767.png,0,6,5,0,7
2_01768.png,0,13,4,0,7
2_01769.png,0,0,4,0,3
2_01770.png,0,3,6,0,10
2_01771.png,0,2,5,0,21
2_01772.png,0,0,3,0,18
2_01773.png,0,0,1,0,15
2_01774.png,0,2,4,0,10
2_01775.png,0,0,0,0,9
2_01776.png,0,0,0,0,6
2_01777.png,0,0,0,0,0
2_01778.png,0,0,4,0,0
2_01779.png,0,0,0,0,0
2_01780.png,0,0,0,0,0
2_01781.png,0,0,8,0,0
2_01782.png,0,0,0,0,24
2_01783.png,0,1,0,0,50
2_01784.png,0,0,0,0,2
2_01785.png,0,1,13,0,4
2_01786.png,0,2,3,0,14
2_01787.png,0,5,11,0,20
2_01788.png,0,4,15,0,5
2_01789.png,0,1,14,0,7
2_01790.png,0,0,10,0,10
2_01791.png,0,1,0,0,8
2_01792.png,0,2,10,0,11
2_01793.png,0,0,0,0,29
2_01794.png,0,2,24,0,4
2_01795.png,0,0,7,0,20
2_01796.png,0,0,3,0,7
2_01797.png,0,0,0,0,0
2_01798.png,0,3,19,0,3
2_01799.png,0,6,11,0,0
2_01800.png,0,0,2,0,7
2_01801.png,0,1,15,0,0
2_01802.png,0,4,12,0,11
2_01803.png,0,0,0,0,0
2_01804.png,0,0,0,0,0
2_01805.png,0,0,0,0,0
2_01806.png,0,2,3,0,7
2_01807.png,0,14,2,0,8
2_01808.png,0,9,5,0,10
2_01809.png,0,0,0,0,1
2_01810.png,0,5,1,0,11
2_01811.png,0,12,1,0,17
2_01812.png,0,2,7,0,8
2_01813.png,0,7,4,0,10
2_01814.png,0,0,4,0,17
2_01815.png,0,11,3,0,8
2_01816.png,0,8,2,0,12
2_01817.png,0,7,4,0,12
2_01818.png,0,11,3,0,8
2_01819.png,0,15,5,0,4
2_01820.png,0,8,7,0,6
2_01821.png,0,8,1,0,7
2_01822.png,0,5,2,0,11
2_01823.png,0,0,0,0,2
2_01824.png,0,0,0,0,5
2_01825.png,0,9,3,0,4
2_01826.png,0,15,0,0,2
2_01827.png,0,11,3,0,14
2_01828.png,0,11,4,0,8
2_01829.png,0,2,7,0,6
2_01830.png,0,0,2,0,12
2_01831.png,0,1,0,0,9
2_01832.png,0,0,0,0,0
2_01833.png,0,0,0,0,0
2_01834.png,0,0,0,0,0
2_01835.png,0,0,0,0,0
2_01836.png,0,0,0,0,0
2_01837.png,0,0,0,0,0
2_01838.png,0,0,0,0,0
2_01839.png,0,0,0,0,0
2_01840.png,0,0,0,0,0
2_01841.png,0,0,0,0,0
2_01842.png,0,0,0,0,0
2_01843.png,0,0,0,0,0
2_01844.png,0,0,0,0,0
2_01845.png,0,0,0,0,0
2_01846.png,0,0,0,0,0
2_01847.png,0,0,0,0,0
2_01848.png,0,0,0,0,0
2_01849.png,0,0,0,0,0
2_01850.png,0,0,0,0,0
2_01851.png,0,0,0,0,0
2_01852.png,0,0,0,0,0
2_01853.png,0,0,0,0,0
2_01854.png,0,0,0,0,0
2_01855.png,0,0,0,0,0
2_01856.png,0,0,0,0,0
2_01857.png,0,0,0,0,0
2_01858.png,0,0,0,0,0
2_01859.png,0,0,0,0,0
2_01860.png,0,0,0,0,0
2_01861.png,0,0,0,0,0
2_01862.png,0,0,0,0,0
2_01863.png,3,12,1,0,8
2_01864.png,0,14,1,0,12
2_01865.png,0,4,0,0,5
2_01866.png,0,9,5,0,4
2_01867.png,0,17,3,0,5
2_01868.png,0,4,2,0,15
2_01869.png,0,15,7,0,2
2_01870.png,0,2,1,0,7
2_01871.png,0,9,0,0,12
2_01872.png,0,32,2,0,2
2_01873.png,0,24,0,0,10
2_01874.png,0,23,2,0,9
2_01875.png,0,14,4,0,0
2_01876.png,0,15,0,0,12
2_01877.png,0,17,0,0,12
2_01878.png,0,1,0,0,1
2_01879.png,0,19,1,0,0
2_01880.png,0,13,13,0,2
2_01881.png,0,6,6,0,3
2_01882.png,0,2,8,0,7
2_01883.png,0,11,11,0,0
2_01884.png,0,0,0,0,13
2_01885.png,0,0,0,0,4
2_01886.png,0,1,2,0,11
2_01887.png,0,6,11,0,0
2_01888.png,0,0,3,0,8
2_01889.png,0,0,0,0,7
2_01890.png,0,5,10,0,2
2_01891.png,0,1,1,0,11
2_01892.png,0,1,0,0,10
2_01893.png,0,0,0,0,13
2_01894.png,0,0,0,0,0
2_01895.png,0,4,7,0,7
2_01896.png,0,0,0,0,0
2_01897.png,0,0,0,0,0
2_01898.png,0,1,16,0,0
2_01899.png,0,4,25,0,0
2_01900.png,0,0,4,0,0
2_01901.png,0,0,6,0,0
2_01902.png,0,0,14,0,0
2_01903.png,0,0,11,0,0
2_01904.png,0,0,12,0,0
2_01905.png,0,0,10,0,0
2_01906.png,0,0,6,0,0
2_01907.png,0,0,8,0,0
2_01908.png,0,4,10,0,0
2_01909.png,0,1,12,0,0
2_01910.png,0,0,8,0,0
2_01911.png,0,0,8,0,0
2_01912.png,0,0,16,0,0
2_01913.png,0,0,21,0,0
2_01914.png,0,0,25,0,0
2_01915.png,0,3,10,0,0
2_01916.png,0,0,15,0,0
2_01917.png,0,0,16,0,0
2_01918.png,0,0,1,0,8
2_01919.png,0,0,2,0,9
2_01920.png,0,0,9,0,11
2_01921.png,0,2,4,0,8
2_01922.png,0,0,0,0,13
2_01923.png,0,1,5,0,12
2_01924.png,0,1,18,0,2
2_01925.png,0,2,13,0,0
2_01926.png,0,2,16,0,0
2_01927.png,0,0,17,0,6
2_01928.png,0,0,8,0,8
2_01929.png,0,0,0,0,6
2_01930.png,0,0,2,0,23
2_01931.png,0,1,12,0,11
2_01932.png,0,0,1,0,20
2_01933.png,0,0,8,0,17
2_01934.png,0,1,4,0,14
2_01935.png,0,1,12,0,8
2_01936.png,0,1,12,0,1
2_01937.png,0,0,3,0,5
2_01938.png,0,0,3,0,1
2_01939.png,26,1,0,0,0
2_01940.png,27,0,0,0,0
2_01941.png,32,0,0,0,0
2_01942.png,4,0,0,18,0
2_01943.png,18,0,0,0,0
2_01944.png,3,1,0,24,0
2_01945.png,28,6,0,0,0
2_01946.png,18,0,0,0,0
2_01947.png,5,15,17,0,0
2_01948.png,14,2,9,0,0
2_01949.png,8,1,10,0,0
2_01950.png,3,3,7,0,0
2_01951.png,31,2,0,0,0
2_01952.png,26,1,0,0,0
2_01953.png,21,3,1,0,0
2_01954.png,23,2,0,0,0
2_01955.png,23,0,0,0,0
2_01956.png,33,1,0,0,0
2_01957.png,47,3,0,0,0
2_01958.png,26,1,4,0,0
2_01959.png,19,0,4,0,0
2_01960.png,47,4,0,0,0
2_01961.png,16,2,7,0,0
2_01962.png,1,0,18,0,0
2_01963.png,0,0,14,0,0
2_01964.png,16,7,0,0,0
2_01965.png,11,2,6,6,0
2_01966.png,14,2,4,5,0
2_01967.png,0,0,1,33,0
2_01968.png,16,3,10,0,0
2_01969.png,19,1,6,0,0
2_01970.png,17,1,6,0,0
2_01971.png,14,0,5,0,0
2_01972.png,20,0,4,0,0
2_01973.png,0,3,16,0,0
2_01974.png,0,1,18,0,0
2_01975.png,0,4,19,0,0
2_01976.png,0,2,20,0,0
2_01977.png,0,4,14,0,0
2_01978.png,3,5,5,0,0
2_01979.png,0,4,18,0,0
2_01980.png,0,5,20,0,0
2_01981.png,0,0,17,0,0
2_01982.png,0,0,22,0,0
2_01983.png,0,0,9,0,0
2_01984.png,0,0,6,0,0
2_01985.png,0,0,17,0,0
2_01986.png,0,0,25,0,0
2_01987.png,0,0,0,0,0
2_01988.png,0,0,0,0,0
2_01989.png,0,0,0,0,0
2_01990.png,0,0,0,0,0
2_01991.png,0,0,0,0,0
2_01992.png,0,0,0,0,0
2_01993.png,17,1,0,0,0
2_01994.png,16,1,7,0,0
2_01995.png,2,1,17,0,0
2_01996.png,20,0,2,0,0
2_01997.png,17,2,1,0,0
2_01998.png,18,0,2,0,0
2_01999.png,16,0,2,0,0
2_02000.png,20,0,2,0,0
2_02001.png,0,0,12,0,0
2_02002.png,0,0,24,0,0
2_02003.png,0,1,12,0,0
2_02004.png,0,0,26,0,0
2_02005.png,22,0,3,0,0
2_02006.png,10,2,19,0,0
2_02007.png,0,10,13,0,0
2_02008.png,14,6,9,0,0
2_02009.png,0,13,20,0,0
2_02010.png,6,8,20,0,0
2_02011.png,0,0,1,0,0
2_02012.png,3,46,4,0,0
2_02013.png,6,55,0,0,0
2_02014.png,16,30,2,0,0
2_02015.png,10,0,0,0,0
2_02016.png,4,0,1,0,0
2_02017.png,16,0,2,0,0
2_02018.png,13,0,0,0,0
2_02019.png,17,1,1,0,0
2_02020.png,6,3,1,0,0
2_02021.png,9,0,0,0,0
2_02022.png,14,0,0,0,0
2_02023.png,0,0,0,0,0
2_02024.png,8,0,7,0,0
2_02025.png,0,0,0,0,0
2_02026.png,0,0,0,0,0
2_02027.png,12,0,0,0,0
2_02028.png,4,0,4,0,0
2_02029.png,11,0,1,0,0
2_02030.png,5,62,1,0,0
2_02031.png,6,67,0,0,0
2_02032.png,0,96,3,0,0
2_02033.png,0,92,4,0,0
2_02034.png,12,43,0,0,0
2_02035.png,4,90,3,0,0
2_02036.png,0,92,7,0,0
2_02037.png,6,19,0,0,0
2_02038.png,0,85,5,0,0
2_02039.png,18,0,8,0,0
2_02040.png,21,0,5,0,0
2_02041.png,21,2,6,0,0
2_02042.png,17,5,3,0,0
2_02043.png,18,4,4,0,0
2_02044.png,18,8,5,0,0
2_02045.png,21,5,4,0,0
2_02046.png,20,3,6,0,0
2_02047.png,21,6,4,0,0
2_02048.png,0,21,10,0,0
2_02049.png,0,0,10,0,0
2_02050.png,0,1,5,0,0
2_02051.png,20,1,6,0,0
2_02052.png,0,1,6,0,0
2_02053.png,0,2,8,0,0
2_02054.png,0,0,9,0,0
2_02055.png,0,1,9,0,0
2_02056.png,0,0,7,0,0
2_02057.png,0,0,10,0,0
2_02058.png,0,3,13,0,0
2_02059.png,0,0,0,0,18
2_02060.png,0,0,0,0,14
2_02061.png,0,0,0,0,1
2_02062.png,0,0,0,0,15
2_02063.png,0,0,0,0,0
2_02064.png,0,0,0,0,0
2_02065.png,0,0,0,0,0
2_02066.png,0,0,0,0,0
2_02067.png,0,0,0,0,0
2_02068.png,0,0,2,0,0
2_02069.png,0,0,10,0,0
2_02070.png,0,0,12,0,0
2_02071.png,0,0,2,0,0
2_02072.png,0,0,1,0,0
2_02073.png,0,0,2,0,0
2_02074.png,0,0,0,0,0
2_02075.png,0,1,17,0,0
2_02076.png,0,0,12,0,0
2_02077.png,0,0,23,0,0
2_02078.png,0,0,16,0,0
2_02079.png,0,0,10,0,0
2_02080.png,0,0,26,0,0
2_02081.png,0,0,22,0,0
2_02082.png,0,2,8,0,0
2_02083.png,0,0,23,0,0
2_02084.png,0,0,16,0,0
2_02085.png,0,0,51,0,0
2_02086.png,0,0,32,0,0
2_02087.png,0,0,6,0,4
2_02088.png,0,0,5,0,4
2_02089.png,0,0,2,0,2
2_02090.png,28,1,10,0,0
2_02091.png,0,2,9,0,0
2_02092.png,0,3,9,0,0
2_02093.png,0,1,13,0,0
2_02094.png,0,0,15,0,0
2_02095.png,0,2,12,0,0
2_02096.png,38,0,0,0,0
2_02097.png,38,0,0,0,0
2_02098.png,50,0,0,0,0
2_02099.png,2,0,6,0,0
2_02100.png,1,0,17,0,0
2_02101.png,24,0,7,0,0
2_02102.png,0,12,14,0,0
2_02103.png,0,13,11,0,0
2_02104.png,0,22,22,0,0
2_02105.png,0,10,16,0,0
2_02106.png,0,25,16,0,0
2_02107.png,0,2,3,0,0
2_02108.png,0,12,2,0,0
2_02109.png,27,0,0,0,0
2_02110.png,30,0,0,0,0
2_02111.png,43,0,1,0,0
2_02112.png,30,0,1,0,0
2_02113.png,19,1,7,0,0
2_02114.png,49,5,1,1,0
2_02115.png,11,14,4,5,0
2_02116.png,51,10,1,1,0
2_02117.png,0,7,0,15,0
2_02118.png,6,7,0,10,0
2_02119.png,7,22,0,3,0
2_02120.png,14,13,1,4,0
2_02121.png,0,0,4,0,0
2_02122.png,0,1,6,0,0
2_02123.png,0,0,0,0,0
2_02124.png,0,0,0,0,0
2_02125.png,11,0,21,0,0
2_02126.png,31,1,1,0,0
2_02127.png,23,1,6,0,0
2_02128.png,36,0,0,0,0
2_02129.png,38,1,0,0,0
2_02130.png,36,0,0,0,0
2_02131.png,28,1,0,0,0
2_02132.png,0,0,2,0,0
2_02133.png,9,0,8,0,0
2_02134.png,21,0,0,0,0
2_02135.png,15,0,1,0,0
2_02136.png,14,0,0,0,0
2_02137.png,0,1,0,0,0
2_02138.png,0,0,0,0,0
2_02139.png,0,1,0,0,0
2_02140.png,0,4,0,0,0
2_02141.png,0,2,0,0,0
2_02142.png,0,0,0,0,0
2_02143.png,0,0,0,0,0
2_02144.png,0,0,3,0,0
2_02145.png,0,1,13,0,0
2_02146.png,0,0,16,0,0
2_02147.png,0,0,12,0,0
2_02148.png,0,0,11,0,0
2_02149.png,0,0,4,0,0
2_02150.png,12,6,6,0,0
2_02151.png,8,5,16,0,0
2_02152.png,12,23,12,0,0
2_02153.png,8,4,22,0,0
2_02154.png,20,0,6,0,0
2_02155.png,12,7,10,0,0
2_02156.png,15,1,3,0,0
2_02157.png,0,0,5,0,7
2_02158.png,0,0,1,0,0
2_02159.png,0,0,1,0,3
2_02160.png,0,1,2,0,9
2_02161.png,0,2,4,0,19
2_02162.png,0,0,4,0,8
2_02163.png,17,3,0,0,0
2_02164.png,8,4,24,0,0
2_02165.png,4,0,12,0,0
2_02166.png,1,2,33,0,0
2_02167.png,8,8,8,0,0
2_02168.png,6,4,0,0,0
2_02169.png,5,4,4,0,0
2_02170.png,4,2,3,0,0
2_02171.png,12,0,3,0,0
2_02172.png,12,0,3,0,0
2_02173.png,11,0,3,0,0
2_02174.png,13,0,2,0,0
2_02175.png,0,0,3,0,0
2_02176.png,0,11,22,0,0
2_02177.png,0,2,10,0,0
2_02178.png,0,3,13,0,0
2_02179.png,0,1,21,0,0
2_02180.png,2,6,18,0,0
2_02181.png,0,3,36,0,0
2_02182.png,0,15,46,1,0
2_02183.png,1,3,26,0,0
2_02184.png,15,0,2,0,0
2_02185.png,0,3,4,0,66
2_02186.png,0,3,1,0,70
2_02187.png,0,0,0,0,65
2_02188.png,0,5,2,0,52
2_02189.png,12,14,31,0,0
2_02190.png,0,0,7,0,10
2_02191.png,0,0,6,0,11
2_02192.png,0,0,1,0,10
2_02193.png,0,0,2,0,15
2_02194.png,0,0,3,0,9
2_02195.png,0,2,1,0,12
2_02196.png,0,0,2,0,16
2_02197.png,0,0,1,0,11
2_02198.png,19,0,1,0,0
2_02199.png,25,3,7,0,0
2_02200.png,26,0,0,0,0
2_02201.png,18,3,7,0,0
2_02202.png,23,2,4,0,0
2_02203.png,28,1,2,0,0
2_02204.png,35,1,0,0,0
2_02205.png,30,1,2,0,0
2_02206.png,23,0,2,0,0
2_02207.png,23,2,8,0,0
2_02208.png,6,12,11,0,0
2_02209.png,24,0,2,0,0
2_02210.png,13,6,8,0,0
2_02211.png,28,2,0,0,0
2_02212.png,9,3,8,0,0
2_02213.png,32,2,0,0,0
2_02214.png,22,1,0,0,0
2_02215.png,0,0,8,0,0
2_02216.png,0,0,13,0,0
2_02217.png,0,1,14,0,0
2_02218.png,0,0,22,0,0
2_02219.png,0,1,10,0,0
2_02220.png,0,3,17,0,0
2_02221.png,0,0,15,0,0
2_02222.png,0,0,13,0,0
2_02223.png,0,0,17,0,0
2_02224.png,18,0,0,0,0
2_02225.png,19,2,1,0,0
2_02226.png,15,0,1,0,0
2_02227.png,17,0,1,0,0
2_02228.png,15,1,0,0,0
2_02229.png,8,2,9,0,0
2_02230.png,9,1,9,0,0
2_02231.png,0,0,7,0,0
2_02232.png,0,0,19,0,0
2_02233.png,0,0,17,0,0
2_02234.png,0,3,11,0,0
2_02235.png,0,1,14,0,0
2_02236.png,14,1,3,0,0
2_02237.png,0,0,11,0,6
2_02238.png,0,0,1,0,9
2_02239.png,0,0,0,0,20
2_02240.png,0,3,0,0,10
2_02241.png,0,5,2,0,10
2_02242.png,9,3,1,0,0
2_02243.png,7,3,6,0,0
2_02244.png,0,5,16,0,0
2_02245.png,0,2,15,0,0
2_02246.png,0,4,10,0,0
2_02247.png,0,7,14,0,0
2_02248.png,0,1,17,0,0
2_02249.png,8,0,11,0,0
2_02250.png,0,1,17,0,0
2_02251.png,17,0,5,0,0
2_02252.png,19,0,0,0,0
2_02253.png,20,0,1,0,0
2_02254.png,19,0,2,0,0
2_02255.png,14,0,4,0,0
2_02256.png,21,2,0,0,0
2_02257.png,27,0,1,0,0
2_02258.png,12,1,0,0,0
2_02259.png,21,3,2,0,0
2_02260.png,4,1,3,0,0
2_02261.png,16,0,0,0,0
2_02262.png,9,4,2,0,0
2_02263.png,4,6,3,0,0
2_02264.png,5,3,1,0,0
2_02265.png,0,6,7,0,0
2_02266.png,0,6,15,0,0
2_02267.png,0,4,19,0,0
2_02268.png,0,2,9,0,0
2_02269.png,0,0,14,0,0
2_02270.png,0,0,4,0,0
2_02271.png,0,1,46,0,0
2_02272.png,0,0,46,0,0
2_02273.png,0,3,20,0,14
2_02274.png,0,0,8,0,25
2_02275.png,0,0,0,0,19
2_02276.png,0,0,14,0,14
2_02277.png,0,2,7,0,20
2_02278.png,0,1,36,0,0
2_02279.png,0,0,14,0,0
2_02280.png,0,2,31,0,0
2_02281.png,0,1,13,0,14
2_02282.png,0,1,5,0,16
2_02283.png,28,0,0,0,0
2_02284.png,8,1,0,0,0
2_02285.png,18,0,0,0,0
2_02286.png,31,0,2,0,0
2_02287.png,39,0,0,0,0
2_02288.png,25,0,1,0,0
2_02289.png,25,0,0,0,0
2_02290.png,7,3,6,0,0
2_02291.png,45,1,0,0,0
2_02292.png,38,0,5,0,0
2_02293.png,23,0,5,0,0
2_02294.png,34,2,3,0,0
2_02295.png,32,0,0,0,0
2_02296.png,13,4,12,0,0
2_02297.png,29,5,5,0,0
2_02298.png,24,4,2,0,0
2_02299.png,27,3,2,0,0
2_02300.png,6,5,17,0,0
2_02301.png,11,0,13,0,0
2_02302.png,26,0,0,0,0
2_02303.png,22,0,0,0,0
2_02304.png,24,0,0,0,0
2_02305.png,26,0,0,0,0
2_02306.png,25,0,1,0,0
2_02307.png,22,1,0,0,0
2_02308.png,41,0,0,0,0
2_02309.png,37,2,0,0,0
2_02310.png,37,0,0,0,0
2_02311.png,32,0,0,0,0
2_02312.png,24,0,0,0,0
2_02313.png,0,1,7,0,6
2_02314.png,7,0,1,0,0
2_02315.png,5,1,7,0,0
2_02316.png,2,2,17,0,0
2_02317.png,23,3,10,0,0
2_02318.png,0,9,17,0,0
2_02319.png,0,7,18,0,0
2_02320.png,0,1,24,0,0
2_02321.png,0,10,20,0,0
2_02322.png,0,7,15,0,0
2_02323.png,0,1,5,0,41
2_02324.png,0,4,9,0,48
2_02325.png,0,1,2,0,44
2_02326.png,0,2,7,0,0
2_02327.png,0,1,15,0,0
2_02328.png,0,3,9,0,0
2_02329.png,0,0,13,0,0
2_02330.png,0,3,23,0,0
2_02331.png,3,2,19,0,0
2_02332.png,26,0,0,0,0
2_02333.png,0,0,8,0,22
2_02334.png,0,0,7,0,18
2_02335.png,0,0,21,0,4
2_02336.png,0,0,11,0,27
2_02337.png,0,0,12,0,31
2_02338.png,19,0,3,0,0
2_02339.png,9,0,3,0,0
2_02340.png,11,0,1,0,0
2_02341.png,12,0,2,0,0
2_02342.png,8,0,1,0,0
2_02343.png,14,0,1,0,0
2_02344.png,9,0,3,0,0
2_02345.png,9,0,1,0,0
2_02346.png,1,6,25,0,0
2_02347.png,0,0,15,0,0
2_02348.png,0,0,21,0,0
2_02349.png,0,1,7,0,0
2_02350.png,10,0,6,0,0
2_02351.png,15,1,11,0,0
2_02352.png,0,0,10,0,0
2_02353.png,12,1,10,0,0
2_02354.png,55,0,0,0,0
2_02355.png,35,0,0,0,0
2_02356.png,44,0,0,0,0
2_02357.png,33,0,0,0,0
2_02358.png,31,0,2,0,0
2_02359.png,24,0,2,0,0
2_02360.png,0,0,4,0,0
2_02361.png,0,0,2,0,0
2_02362.png,0,0,5,0,0
2_02363.png,0,0,8,0,0
2_02364.png,0,0,10,0,0
2_02365.png,19,0,5,0,0
2_02366.png,21,2,2,0,0
2_02367.png,26,1,8,0,0
2_02368.png,5,1,13,0,0
2_02369.png,28,0,6,0,0
2_02370.png,7,0,13,0,0
2_02371.png,10,0,11,0,1
2_02372.png,11,0,5,0,0
2_02373.png,0,0,0,0,0
2_02374.png,15,0,2,0,0
2_02375.png,0,0,0,0,0
2_02376.png,35,64,0,0,0
2_02377.png,34,46,0,0,0
2_02378.png,16,46,0,0,0
2_02379.png,43,56,0,0,0
2_02380.png,39,45,0,0,0
2_02381.png,38,41,0,0,0
2_02382.png,0,0,4,0,0
2_02383.png,0,0,11,0,0
2_02384.png,0,3,7,0,0
2_02385.png,0,4,3,0,0
2_02386.png,0,0,1,0,0
2_02387.png,63,1,2,0,0
2_02388.png,0,0,2,0,20
2_02389.png,0,1,0,0,16
2_02390.png,0,0,1,0,35
2_02391.png,0,0,0,0,17
2_02392.png,0,97,16,0,0
2_02393.png,0,47,26,0,0
2_02394.png,0,88,24,0,0
2_02395.png,17,1,0,0,0
2_02396.png,21,0,0,0,0
2_02397.png,7,5,0,0,0
2_02398.png,45,2,0,0,0
2_02399.png,40,1,0,0,0
2_02400.png,33,1,1,0,0
2_02401.png,8,0,0,0,0
2_02402.png,4,1,2,0,0
2_02403.png,17,2,1,0,0
2_02404.png,17,0,0,0,0
2_02405.png,23,5,3,0,0
2_02406.png,20,7,1,0,0
2_02407.png,31,5,2,0,0
2_02408.png,29,5,1,0,0
2_02409.png,0,0,1,0,0
2_02410.png,0,0,1,0,0
2_02411.png,0,0,13,0,0
2_02412.png,0,1,18,0,0
2_02413.png,0,0,9,0,0
2_02414.png,0,0,23,0,0
2_02415.png,0,0,15,0,0
2_02416.png,0,0,21,0,0
2_02417.png,0,0,22,0,0
2_02418.png,0,0,23,0,0
2_02419.png,17,2,7,21,0
2_02420.png,46,0,9,6,0
2_02421.png,26,1,5,14,0
2_02422.png,33,2,10,0,0
2_02423.png,4,1,11,0,0
2_02424.png,27,1,5,0,0
2_02425.png,14,14,9,0,0
2_02426.png,23,10,6,2,0
2_02427.png,33,10,7,0,0
2_02428.png,16,14,2,2,0
2_02429.png,29,10,4,2,0
2_02430.png,25,4,6,2,0
2_02431.png,19,11,1,3,0
2_02432.png,21,6,6,0,0
2_02433.png,32,3,6,1,0
2_02434.png,23,0,5,0,0
2_02435.png,3,0,24,0,0
2_02436.png,23,0,2,0,0
2_02437.png,0,0,16,0,0
2_02438.png,0,0,16,0,0
2_02439.png,4,1,4,0,0
2_02440.png,2,1,7,0,0
2_02441.png,34,0,0,0,0
2_02442.png,25,3,1,0,0
2_02443.png,24,0,4,0,0
2_02444.png,32,2,2,0,0
2_02445.png,19,0,2,0,0
2_02446.png,2,0,18,0,0
2_02447.png,0,0,12,0,0
2_02448.png,1,1,8,0,0
2_02449.png,0,0,16,0,0
2_02450.png,24,11,2,2,0
2_02451.png,14,2,9,3,0
2_02452.png,2,68,6,2,0
2_02453.png,13,12,1,4,0
2_02454.png,12,43,1,0,0
2_02455.png,0,1,3,0,0
2_02456.png,0,2,2,0,0
2_02457.png,0,1,1,0,0
2_02458.png,0,2,2,0,0
2_02459.png,0,3,1,0,0
2_02460.png,0,0,2,0,0
2_02461.png,0,2,1,0,0
2_02462.png,0,1,0,0,0
2_02463.png,0,1,0,0,0
2_02464.png,0,0,11,0,0
2_02465.png,0,0,16,0,0
2_02466.png,23,0,0,0,0
2_02467.png,17,1,5,0,0
2_02468.png,25,0,1,0,0
2_02469.png,23,3,3,0,0
2_02470.png,27,0,0,0,0
2_02471.png,24,4,2,0,0
2_02472.png,10,71,8,0,0
2_02473.png,13,61,5,0,0
2_02474.png,15,28,7,0,0
2_02475.png,12,51,6,0,0
2_02476.png,19,24,13,0,0
2_02477.png,15,4,2,0,0
2_02478.png,21,3,0,0,0
2_02479.png,19,1,0,0,0
2_02480.png,24,0,0,0,0
2_02481.png,23,0,0,0,0
2_02482.png,21,0,1,0,0
2_02483.png,0,1,0,0,4
2_02484.png,0,2,2,0,10
2_02485.png,0,2,1,0,12
2_02486.png,0,0,0,1,16
2_02487.png,0,1,3,0,19
2_02488.png,0,1,2,0,17
2_02489.png,0,0,0,0,16
2_02490.png,0,2,0,0,20
2_02491.png,0,1,1,0,18
2_02492.png,0,0,0,0,35
2_02493.png,0,0,3,0,32
2_02494.png,0,0,1,0,16
2_02495.png,0,0,0,0,3
2_02496.png,0,0,6,0,6
2_02497.png,0,2,0,0,0
2_02498.png,0,0,1,0,7
2_02499.png,0,3,3,0,22
2_02500.png,0,2,2,0,24
2_02501.png,0,0,11,0,23
2_02502.png,0,0,5,0,22
2_02503.png,0,4,2,0,24
2_02504.png,0,4,5,0,25
2_02505.png,0,3,6,0,24
2_02506.png,0,5,9,0,13
2_02507.png,0,9,5,0,5
2_02508.png,0,3,5,0,32
2_02509.png,0,5,6,0,8
2_02510.png,33,2,2,0,0
2_02511.png,43,0,2,0,0
2_02512.png,24,0,14,0,0
2_02513.png,30,0,8,0,0
2_02514.png,26,0,1,0,7
2_02515.png,22,1,9,0,4
2_02516.png,35,0,3,0,0
2_02517.png,13,2,8,0,0
2_02518.png,9,0,11,0,0
2_02519.png,0,1,1,0,33
2_02520.png,0,6,7,0,32
2_02521.png,0,0,6,0,22
2_02522.png,0,3,12,0,30
2_02523.png,0,0,19,0,0
2_02524.png,0,2,9,0,0
2_02525.png,0,0,9,0,0
2_02526.png,0,1,17,0,0
2_02527.png,0,1,25,0,0
2_02528.png,0,0,21,0,0
2_02529.png,0,0,13,0,0
2_02530.png,0,2,8,0,0
2_02531.png,0,2,16,0,0
2_02532.png,0,0,15,0,0
2_02533.png,0,0,7,0,0
2_02534.png,0,0,15,0,0
2_02535.png,0,0,1,0,0
2_02536.png,28,0,0,0,0
2_02537.png,32,0,0,0,0
2_02538.png,24,0,5,0,0
2_02539.png,31,0,6,0,0
2_02540.png,41,0,4,0,0
2_02541.png,36,0,0,0,0
2_02542.png,35,2,2,0,0
2_02543.png,25,0,6,0,0
2_02544.png,30,0,0,0,0
2_02545.png,31,0,0,0,0
2_02546.png,36,0,0,0,0
2_02547.png,26,0,0,0,0
2_02548.png,29,0,0,0,0
2_02549.png,34,0,0,0,0
2_02550.png,25,0,7,0,0
2_02551.png,20,1,2,0,0
2_02552.png,47,0,0,0,0
2_02553.png,35,0,1,0,0
2_02554.png,2,2,15,0,0
2_02555.png,16,0,2,0,0
2_02556.png,33,0,4,0,0
2_02557.png,17,0,3,0,0
2_02558.png,0,1,15,0,0
2_02559.png,24,0,8,0,0
2_02560.png,16,0,16,0,0
2_02561.png,2,1,24,0,0
2_02562.png,0,0,19,0,0
2_02563.png,31,1,1,0,0
2_02564.png,0,3,18,0,0
2_02565.png,4,4,12,0,0
2_02566.png,0,3,41,0,0
2_02567.png,0,0,44,0,0
2_02568.png,0,7,30,0,0
2_02569.png,0,3,31,0,0
2_02570.png,0,3,31,0,0
2_02571.png,0,1,45,0,0
2_02572.png,0,0,26,0,0
2_02573.png,0,5,40,0,0
2_02574.png,0,12,33,0,0
2_02575.png,0,2,42,0,0
2_02576.png,0,0,37,0,0
2_02577.png,0,2,38,0,0
2_02578.png,0,12,25,0,0
2_02579.png,0,2,45,0,0
2_02580.png,0,2,32,0,0
2_02581.png,33,2,17,0,0
2_02582.png,20,0,0,0,0
2_02583.png,17,0,2,0,0
2_02584.png,14,2,13,0,0
2_02585.png,17,1,13,0,0
2_02586.png,18,0,6,0,0
2_02587.png,28,1,1,0,0
2_02588.png,27,2,7,0,0
2_02589.png,24,2,3,0,0
2_02590.png,49,0,2,0,0
2_02591.png,9,0,0,0,0
2_02592.png,3,0,1,0,0
2_02593.png,38,2,6,0,0
2_02594.png,0,0,21,0,0
2_02595.png,0,1,36,3,0
2_02596.png,0,0,35,0,0
2_02597.png,0,0,17,0,0
2_02598.png,0,0,20,0,0
2_02599.png,0,0,20,1,0
2_02600.png,0,0,13,1,0
2_02601.png,0,1,19,3,0
2_02602.png,0,3,18,1,0
2_02603.png,0,1,16,1,0
2_02604.png,0,0,19,1,0
2_02605.png,0,0,19,0,0
2_02606.png,0,1,26,0,0
2_02607.png,88,3,23,0,0
2_02608.png,86,8,8,0,0
2_02609.png,80,0,0,0,0
2_02610.png,56,1,8,0,0
2_02611.png,81,0,0,0,0
2_02612.png,122,4,0,0,0
2_02613.png,119,0,1,0,0
2_02614.png,92,2,0,0,0
2_02615.png,102,1,4,0,0
2_02616.png,94,7,15,0,0
2_02617.png,107,2,1,0,0
2_02618.png,84,1,4,0,0
2_02619.png,97,4,21,1,0
2_02620.png,115,1,5,3,0
2_02621.png,71,7,0,1,0
2_02622.png,31,0,0,0,0
2_02623.png,24,0,0,0,0
2_02624.png,38,3,0,0,0
2_02625.png,39,1,0,0,0
2_02626.png,48,0,1,0,0
2_02627.png,45,1,1,0,0
2_02628.png,23,0,3,1,0
2_02629.png,42,0,0,0,0
2_02630.png,66,2,0,0,0
2_02631.png,36,0,0,0,0
2_02632.png,18,0,0,0,0
2_02633.png,24,0,0,0,0
2_02634.png,0,28,36,0,14
2_02635.png,0,13,17,0,35
2_02636.png,0,1,0,0,17
2_02637.png,0,0,5,0,0
2_02638.png,0,0,12,0,0
2_02639.png,0,0,12,0,0
2_02640.png,0,0,6,0,0
2_02641.png,0,0,3,0,0
2_02642.png,0,0,10,0,0
2_02643.png,0,0,5,0,0
2_02644.png,0,7,13,0,0
2_02645.png,62,0,3,0,0
2_02646.png,24,0,0,0,0
2_02647.png,39,6,12,0,0
2_02648.png,2,2,22,0,0
2_02649.png,23,0,0,0,0
2_02650.png,0,3,16,0,0
2_02651.png,0,3,15,0,0
2_02652.png,0,1,9,0,0
2_02653.png,0,1,3,0,0
2_02654.png,0,0,2,0,0
2_02655.png,0,4,4,0,0
2_02656.png,0,0,2,0,0
2_02657.png,0,4,18,0,0
2_02658.png,51,2,0,0,0
2_02659.png,44,4,6,0,0
2_02660.png,81,2,2,0,0
2_02661.png,56,1,0,0,0
2_02662.png,0,138,26,0,0
2_02663.png,0,129,13,0,0
2_02664.png,0,141,22,0,0
2_02665.png,12,0,35,0,0
2_02666.png,34,9,28,0,0
2_02667.png,0,7,7,0,39
2_02668.png,0,5,6,0,33
2_02669.png,0,1,18,0,0
2_02670.png,0,1,10,0,0
2_02671.png,0,0,27,0,0
2_02672.png,0,17,38,0,0
2_02673.png,0,6,33,0,0
2_02674.png,0,10,52,0,0
2_02675.png,53,1,8,0,0
2_02676.png,66,1,8,0,0
2_02677.png,1,5,24,0,0
2_02678.png,80,1,0,0,0
2_02679.png,0,17,17,0,0
2_02680.png,0,13,44,0,0
2_02681.png,18,5,31,0,0
2_02682.png,15,5,0,0,0
2_02683.png,15,21,20,0,0
2_02684.png,0,0,2,0,0
2_02685.png,0,0,2,0,0
2_02686.png,0,0,2,0,0
2_02687.png,0,6,6,0,0
2_02688.png,0,4,0,0,0
2_02689.png,0,2,0,0,0
2_02690.png,0,0,3,0,0
2_02691.png,0,0,9,0,0
2_02692.png,0,0,10,0,0
2_02693.png,0,6,1,0,0
2_02694.png,0,0,0,0,0
2_02695.png,0,0,0,0,0
2_02696.png,0,0,2,0,0
2_02697.png,0,1,17,0,0
2_02698.png,20,14,43,0,0
2_02699.png,23,2,18,0,0
2_02700.png,28,2,16,0,0
2_02701.png,33,0,10,0,0
2_02702.png,35,2,7,0,0
2_02703.png,0,0,3,0,0
2_02704.png,0,0,4,0,0
2_02705.png,0,0,4,0,0
2_02706.png,0,0,12,0,0
2_02707.png,0,0,2,0,0
2_02708.png,0,0,1,0,0
2_02709.png,0,0,6,0,0
2_02710.png,0,35,30,0,25
2_02711.png,0,9,11,0,13
2_02712.png,0,11,18,0,26
2_02713.png,0,15,22,0,26
2_02714.png,40,0,0,17,0
2_02715.png,31,3,12,0,0
2_02716.png,45,4,4,0,0
2_02717.png,12,44,42,0,0
2_02718.png,21,0,19,0,0
2_02719.png,0,10,36,0,0
2_02720.png,0,18,33,0,0
2_02721.png,0,39,36,0,0
